ID,REG,DATE,TN,TX,TAVG,RH_AVG,RR,SS,FF_X,DDD_X,FF_AVG,DDD_CAR,CASES
1,jak-pus,01-01-2021,25,30.0,27.0,80.0,13.8,0,4.0,310.0,1.0,C ,0.0
2,jak-pus,01-01-2022,25.0,32.4,28.9,75.0,0.5,4.0,3.0,260.0,1.0,C ,0.0
3,jak-pus,01-01-2023,23.6,29.8,26.3,87.0,14.5,0,4.0,320.0,1.0,C ,3.0
4,jak-pus,01-01-2024,26.4,32.2,29.6,77.0,1.8,5.6,4.0,290.0,1.0,C ,3.0
5,jak-pus,01-02-2021,24.8,30.4,27.1,82.0,0.4,0.2,7.0,340.0,2.0,C ,1.0
6,jak-pus,01-02-2022,26.0,31.2,28.5,81.0,-,5.0,3.0,350.0,1.0,C ,5.0
7,jak-pus,01-02-2023,25.4,30.2,27.0,85.0,0.5,0.0,4.0,320.0,1.0,C ,6.0
8,jak-pus,01-02-2024,25.0,31.6,27.8,83.0,8888,2.2,7.0,340.0,1.0,C ,3.0
9,jak-pus,01-03-2021,26.2,33.4,29.3,72.0,0.2,3.5,8.0,330.0,3.0,C ,2.0
10,jak-pus,01-03-2022,24.6,29.2,26.5,86.0,12.6,1.2,5.0,270.0,1.0,C ,7.0
11,jak-pus,01-03-2023,24.6,29.8,26.7,88.0,12.7,1,8.0,315.0,1.0,C ,4.0
12,jak-pus,01-03-2024,25.2,32.4,29.1,77.0,10,0.0,5.0,330.0,2.0,C ,4.0
13,jak-pus,01-04-2021,25.0,30.4,27.8,76.0,4,7.0,3.0,260.0,1.0,W ,0.0
14,jak-pus,01-04-2022,26.4,31.6,28.5,76.0,0,5.2,3.0,270.0,0.0,C ,10.0
15,jak-pus,01-04-2023,26.2,31.0,28.1,74,0,3.0,4.0,260.0,2.0,W ,6.0
16,jak-pus,01-04-2024,26,33.0,29.2,78.0,18.2,4.0,4.0,340.0,1.0,C ,18.0
17,jak-pus,01-05-2021,26.6,33.4,29.7,76.0,0,1.8,3.0,150.0,1.0,C ,3.0
18,jak-pus,01-05-2022,26.6,32.6,29.0,82.0,-,1.6,3.0,330.0,1.0,C ,8.0
19,jak-pus,01-05-2023,27.2,31.0,28.8,80.0,0,4.8,3.0,310.0,0.0,C ,3.0
20,jak-pus,01-05-2024,28,33,30.4,76.0,-,5.6,4.0,360.0,1.0,C ,22.0
21,jak-pus,01-06-2021,26.8,32.6,28.8,81.0,-,-,5.0,10.0,1.0,C ,3.0
23,jak-pus,01-06-2022,25.2,34.6,29.0,72.0,0,6.5,5.0,290.0,1.0,C ,7.0
24,jak-pus,01-06-2023,26.6,33.4,29.3,74.0,-,5.0,7.0,320.0,1.0,C ,4.0
25,jak-pus,01-06-2024,26.6,33,29.7,76.0,-,2.8,3.0,130.0,1.0,C ,7.0
26,jak-pus,01-07-2021,26,31.0,26.3,86.0,1,2.0,4.0,330.0,1.0,C ,0.0
27,jak-pus,01-07-2022,25.4,33.2,28.7,74.0,0,6.5,4.0,340.0,0.0,C ,7.0
28,jak-pus,01-07-2023,25,32.0,29.2,78.0,0,4.8,2.0,20.0,1.0,C ,1.0
29,jak-pus,01-07-2024,26,32.0,29,77,-,6,4.0,310.0,1.0,C ,6.0
30,jak-pus,01-08-2021,25.6,32.0,28.3,78.0,3.3,3.0,5.0,340.0,2.0,C ,2.0
31,jak-pus,01-08-2022,26.0,33.8,29.0,72,0,7.0,3.0,120.0,0.0,C ,14.0
32,jak-pus,01-08-2023,24,33.2,28.7,68.0,-,6.0,6.0,240.0,2.0,E ,2.0
33,jak-pus,01-08-2024,27.2,33.0,28.7,77.0,0.0,7.0,7.0,360.0,2.0,C,3.0
34,jak-pus,01-09-2021,26.2,34.0,29.4,70.0,-,3,6.0,20.0,1.0,C ,4.0
35,jak-pus,01-09-2022,27.2,32.4,29.1,73.0,0,4.0,5.0,100.0,1.0,C ,7.0
36,jak-pus,01-09-2023,25.4,32.6,28.0,72.0,-,7.0,4.0,300.0,1.0,C ,2.0
37,jak-pus,01-09-2024,26.6,33.4,29.0,71.0,0.0,8.0,4.0,330.0,1.0,C,4.0
38,jak-pus,01-10-2021,26.2,33.6,29.1,75.0,1.5,8.0,5.0,100.0,1.0,C ,0.0
39,jak-pus,01-10-2022,26.0,33.8,29.9,74.0,-,3.0,7.0,320.0,1.0,C ,3.0
40,jak-pus,01-10-2023,26.6,32.8,28.9,72.0,0,8.0,3.0,330.0,1.0,C ,1.0
41,jak-pus,01-10-2024,26.0,34.2,30.2,71.0,0.0,8.0,4.0,310.0,1.0,C,1.0
42,jak-pus,01-11-2021,26.4,31.4,27.7,84.0,8888,4.5,4.0,350.0,1.0,C ,2.0
43,jak-pus,01-11-2022,26.6,32,29.3,72.0,-,6.0,5.0,320.0,2.0,C ,7.0
44,jak-pus,01-11-2023,27,33.2,29.8,72.0,8,4.3,6.0,330.0,1.0,C ,3.0
45,jak-pus,01-11-2024,27.4,35.0,30.3,68.0,0.0,6.3,3.0,330.0,1.0,C,0.0
46,jak-pus,01-12-2021,25,34.6,29.9,63.0,-,0.7,7.0,240.0,2.0,W ,7.0
48,jak-pus,01-12-2022,26.0,32.4,28.4,76.0,0,0.4,9.0,320.0,2.0,C ,6.0
49,jak-pus,01-12-2023,26.4,30.4,26.9,87.0,3,2.3,2.0,300.0,0.0,C ,0.0
50,jak-pus,01-12-2024,27.6,35.4,30.4,68.0,0.6,2.5,6.0,220.0,3.0,SW,2.0
51,jak-pus,02-01-2021,25,31.2,27.6,78.0,8888,2.5,6.0,290.0,2.0,C ,0.0
52,jak-pus,02-01-2022,26.6,32.4,28.2,82.0,0,3.5,6.0,220.0,2.0,W ,3.0
53,jak-pus,02-01-2023,24.2,29.4,27.5,81.0,31.5,0.7,4.0,320.0,2.0,NW,4.0
54,jak-pus,02-01-2024,27.2,31.8,29.7,78.0,0,0.7,5.0,300.0,1.0,C ,4.0
55,jak-pus,02-02-2021,25.4,29.8,27.4,83.0,16.4,4.0,5.0,340.0,2.0,C ,0.0
56,jak-pus,02-02-2022,24.4,31.2,28.0,82.0,4,5.5,7.0,340.0,1.0,C ,1.0
57,jak-pus,02-02-2023,24.6,29.5,27.2,88.0,31.8,0.2,6.0,320.0,2.0,C ,5.0
58,jak-pus,02-02-2024,25.6,34.2,28.2,81.0,20.1,3.1,5.0,340.0,1.0,C ,5.0
59,jak-pus,02-03-2021,24.8,30.8,27.3,82.0,20.4,5.8,3.0,310.0,1.0,C ,0.0
60,jak-pus,02-03-2022,24.6,32.4,27.0,84.0,5.2,0.0,4.0,270.0,2.0,W ,3.0
61,jak-pus,02-03-2023,23.4,27.0,25.1,92.0,79.5,0.5,4.0,210.0,0.0,C ,9.0
62,jak-pus,02-03-2024,26.4,30.4,27.7,86.0,-,5.2,4.0,310.0,1.0,NW,10.0
63,jak-pus,02-04-2021,25.8,32.2,29.0,73.0,-,0.2,7.0,320.0,2.0,C ,2.0
64,jak-pus,02-04-2022,26.2,32.8,27.4,82.0,3.8,0.7,6.0,330.0,1.0,C ,8.0
65,jak-pus,02-04-2023,26.0,33.0,28.8,76,1.2,0.3,7.0,320.0,1.0,C ,9.0
66,jak-pus,02-04-2024,27.2,31.8,29.5,77.0,1.2,5.4,4.0,320.0,1.0,C ,21.0
67,jak-pus,02-05-2021,27.2,33.6,29.8,76.0,0,6,5.0,330.0,1.0,C ,1.0
68,jak-pus,02-05-2022,26.0,31.6,27.5,85.0,8888,2.0,8.0,320.0,2.0,C ,12.0
69,jak-pus,02-05-2023,27.4,34.4,29.0,84.0,0,1.4,3.0,320.0,1.0,C ,4.0
70,jak-pus,02-05-2024,28,-,31.3,72.0,-,0.6,6.0,70.0,1.0,C ,37.0
71,jak-pus,02-06-2021,26.8,33.0,29.0,80.0,0.2,5.5,5.0,350.0,1.0,C ,3.0
72,jak-pus,02-06-2022,26.4,34.0,28.4,79.0,-,3.4,5.0,340.0,1.0,C ,7.0
73,jak-pus,02-06-2023,26,34.4,29.9,73.0,-,6.5,3.0,100.0,1.0,C ,4.0
74,jak-pus,02-06-2024,-,33.6,29.7,78.0,-,1.0,3.0,350.0,0.0,C ,7.0
75,jak-pus,02-07-2021,24,32.4,28.3,75.0,12,1.0,4.0,130.0,1.0,C ,0.0
76,jak-pus,02-07-2022,25.6,32.4,29.1,76.0,0,6.5,3.0,290.0,1.0,C ,6.0
77,jak-pus,02-07-2023,27.6,32.4,29.3,75.0,0,2.7,5.0,330.0,1.0,C ,2.0
78,jak-pus,02-07-2024,25.6,30.8,28.5,81,0.6,2.5,4.0,310.0,0.0,C ,5.0
79,jak-pus,02-08-2021,25.8,32.0,28.6,76.0,0,5.8,8.0,340.0,2.0,C ,1.0
80,jak-pus,02-08-2022,25.0,33.0,29.3,73,-,6.0,6.0,320.0,1.0,C ,7.0
81,jak-pus,02-08-2023,26,32.4,29.4,72.0,0,7.0,4.0,320.0,2.0,S ,0.0
82,jak-pus,02-08-2024,25.0,32.6,28.8,75.0,8888.0,0.6,5.0,320.0,1.0,C,2.0
83,jak-pus,02-09-2021,26.8,32.2,28.9,71.0,0,7,4.0,320.0,1.0,C ,0.0
84,jak-pus,02-09-2022,26.6,33.6,29.3,76.0,0.5,3.5,5.0,320.0,1.0,C ,2.0
85,jak-pus,02-09-2023,25,31.6,28.5,71.0,-,7.4,5.0,310.0,1.0,C ,1.0
86,jak-pus,02-09-2024,27.0,33.6,30.0,74.0,0.0,7.0,3.0,300.0,0.0,C,2.0
87,jak-pus,02-10-2021,26,31.4,28.9,75.0,-,3.2,3.0,20.0,1.0,C ,0.0
88,jak-pus,02-10-2022,26.8,30.4,28.2,78.0,0,7.8,4.0,310.0,1.0,C ,3.0
89,jak-pus,02-10-2023,26.8,33.0,29.2,70.0,0,4.3,7.0,320.0,1.0,C ,0.0
90,jak-pus,02-10-2024,27.8,34.0,30.5,70.0,0.0,8.0,5.0,320.0,1.0,C,1.0
91,jak-pus,02-11-2021,25.8,32.6,28.6,76.0,2,1.6,5.0,260.0,1.0,C ,1.0
92,jak-pus,02-11-2022,25.4,32.4,29.2,76.0,-,4.0,7.0,316.0,1.0,C ,4.0
93,jak-pus,02-11-2023,27.6,33.4,30.3,71.0,0,3.5,4.0,320.0,1.0,C ,0.0
94,jak-pus,02-11-2024,26.0,34.6,28.9,79.0,0.0,2.6,10.0,320.0,2.0,C,1.0
95,jak-pus,02-12-2021,27.2,35.2,30.7,66.0,0,2.4,4.0,280.0,3.0,W ,3.0
96,jak-pus,02-12-2022,26.4,31.4,28.1,78.0,8888,6.5,5.0,320.0,1.0,C ,6.0
97,jak-pus,02-12-2023,25.8,33.6,29.4,74.0,1.1,0,6.0,320.0,1.0,C ,2.0
98,jak-pus,02-12-2024,26.4,35.2,29.3,72.0,5.0,6.8,8.0,100.0,3.0,W,2.0
99,jak-pus,03-01-2021,25,32.4,27.9,77.0,-,3.5,8.0,320.0,2.0,C ,2.0
100,jak-pus,03-01-2022,25.8,32.8,29.2,72.0,0,2.9,5.0,320.0,2.0,C ,5.0
101,jak-pus,03-01-2023,25,29.6,26.6,82.0,0.5,0,6.0,316.0,1.0,C ,1.0
102,jak-pus,03-01-2024,26.6,30.2,28.0,84.0,2.5,0.0,3.0,260.0,1.0,C ,0.0
103,jak-pus,03-02-2021,24.2,29.4,26.5,89.0,76.2,6.5,7.0,290.0,1.0,C ,0.0
104,jak-pus,03-02-2022,26.2,32.0,28.7,78.0,0,3.8,4.0,120.0,2.0,C ,4.0
105,jak-pus,03-02-2023,23.2,31.2,26.7,80.0,25.2,0.2,3.0,320.0,1.0,C ,5.0
106,jak-pus,03-02-2024,25.0,31.6,28.1,79.0,20.3,3.2,4.0,270.0,2.0,W ,1.0
107,jak-pus,03-03-2021,24.6,31.4,27.7,82.0,35.2,4.5,7.0,260.0,1.0,C ,0.0
108,jak-pus,03-03-2022,25.2,32.4,28.3,78.0,6.6,2.4,8.0,340.0,2.0,C ,6.0
109,jak-pus,03-03-2023,23.8,31.8,27.0,84.0,3.8,0,9.0,315.0,1.0,C ,7.0
110,jak-pus,03-03-2024,25.8,31,27.7,86.0,17.7,0.0,6.0,310.0,2.0,C ,7.0
111,jak-pus,03-04-2021,25.0,29.8,26.9,88.0,73.4,8.0,2.0,130.0,1.0,C ,3.0
112,jak-pus,03-04-2022,26.4,33.0,26.7,83.0,18,4.0,8.0,330.0,2.0,C ,12.0
113,jak-pus,03-04-2023,24.6,32.6,28.1,74,-,6.9,8.0,315.0,1.0,C ,7.0
114,jak-pus,03-04-2024,27.4,32.6,28.3,83.0,0,2.0,8.0,340.0,2.0,C ,23.0
115,jak-pus,03-05-2021,26,33.0,29.7,76.0,-,5.8,4.0,140.0,2.0,E ,2.0
116,jak-pus,03-05-2022,25.0,32.6,28.2,83.0,18.6,2.4,3.0,80.0,1.0,C ,8.0
117,jak-pus,03-05-2023,27.4,33.4,29.8,79.0,0.5,3.0,3.0,310.0,1.0,C ,5.0
118,jak-pus,03-05-2024,27,33.8,30.7,73.0,-,2.8,7.0,360.0,2.0,C ,27.0
119,jak-pus,03-06-2021,27,32.8,28.9,83.0,0,6.7,5.0,290.0,1.0,C ,4.0
120,jak-pus,03-06-2022,24.6,33.6,28.2,79.0,32.6,5.5,8.0,320.0,1.0,C ,10.0
121,jak-pus,03-06-2023,27,33.8,30.2,72.0,0,5.7,3.0,170.0,1.0,C ,6.0
122,jak-pus,03-06-2024,-,33.8,28.8,82.0,1.5,1.5,2.0,320.0,0.0,C ,4.0
123,jak-pus,03-07-2021,26,33.8,29.0,73.0,0,6.8,3.0,120.0,1.0,C ,2.0
124,jak-pus,03-07-2022,27.2,32.2,29.1,82.0,3,4.5,4.0,310.0,1.0,C ,9.0
125,jak-pus,03-07-2023,26.8,32.2,29.1,74.0,0,-,7.0,320.0,1.0,C ,0.0
126,jak-pus,03-07-2024,26.6,32.4,28.1,79,0,1.3,6.0,360.0,1.0,C ,5.0
127,jak-pus,03-08-2021,-,32.4,28.7,75.0,-,4.9,4.0,340.0,2.0,C ,1.0
128,jak-pus,03-08-2022,27.4,33.4,29.7,72,0,5.4,4.0,350.0,1.0,C ,10.0
129,jak-pus,03-08-2023,26.8,33.6,29.4,75.0,0,0.7,5.0,320.0,1.0,C ,1.0
130,jak-pus,03-08-2024,25.4,33.6,28.6,78.0,2.6,5.4,3.0,40.0,1.0,C,2.0
131,jak-pus,03-09-2021,26.8,32.4,29.0,70.0,0,6,4.0,330.0,1.0,C ,2.0
132,jak-pus,03-09-2022,25,33.0,28.3,76.0,-,4.0,9.0,270.0,4.0,W ,4.0
133,jak-pus,03-09-2023,26.6,32.6,28.9,68.0,8888,4.7,4.0,190.0,1.0,C ,2.0
134,jak-pus,03-09-2024,26.0,33.0,29.3,72.0,0.0,6.9,5.0,330.0,2.0,C,2.0
135,jak-pus,03-10-2021,25.6,33.2,29.1,69.0,-,3.0,7.0,290.0,2.0,C ,3.0
136,jak-pus,03-10-2022,24.8,32.4,28.7,77.0,15.8,3.0,5.0,330.0,1.0,C ,4.0
137,jak-pus,03-10-2023,26.6,34.2,29.2,67.0,0,4.8,6.0,340.0,2.0,C ,1.0
138,jak-pus,03-10-2024,28.2,33.8,30.3,69.0,8888.0,6.8,4.0,110.0,1.0,C,4.0
139,jak-pus,03-11-2021,25.0,32.6,28.5,78.0,-,6.0,4.0,320.0,1.0,C ,1.0
140,jak-pus,03-11-2022,26.8,32.2,29.1,75.0,0,5.6,5.0,320.0,1.0,C ,3.0
141,jak-pus,03-11-2023,27.8,33.4,30.2,70.0,0,4,5.0,330.0,1.0,C ,2.0
142,jak-pus,03-11-2024,25.6,32.8,27.7,79.0,24.5,6.2,5.0,320.0,1.0,C,0.0
143,jak-pus,03-12-2021,27,32.4,29.6,71.0,-,6.5,5.0,320.0,2.0,W ,3.0
144,jak-pus,03-12-2022,25.0,32.0,28.3,76.0,4,1.0,7.0,310.0,1.0,C ,4.0
145,jak-pus,03-12-2023,26.0,32.2,28.6,78.0,-,6.1,4.0,260.0,1.0,C ,0.0
146,jak-pus,03-12-2024,26.0,31.4,27.3,79.0,26.0,1.4,6.0,270.0,2.0,C,1.0
147,jak-pus,04-01-2021,25.6,32.6,28.8,75.0,9.4,2.7,7.0,260.0,2.0,C ,0.0
148,jak-pus,04-01-2022,25.8,32.4,28.9,71.0,-,6.2,5.0,320.0,1.0,C ,5.0
149,jak-pus,04-01-2023,24.4,30.0,26.4,86.0,2.4,-,5.0,316.0,1.0,C ,7.0
150,jak-pus,04-01-2024,26.4,31.4,27.1,87.0,8.5,0.0,3.0,330.0,0.0,C ,0.0
151,jak-pus,04-02-2021,24.2,29.8,26.5,87.0,18,0.3,10.0,320.0,3.0,C ,0.0
152,jak-pus,04-02-2022,23.6,31.0,26.9,86.0,88.3,5.8,7.0,320.0,2.0,C ,3.0
153,jak-pus,04-02-2023,24,30.2,27.7,83.0,8888,0.1,5.0,320.0,2.0,W ,1.0
154,jak-pus,04-02-2024,26.2,31.0,28.0,81.0,-,0.8,4.0,340.0,1.0,C ,2.0
155,jak-pus,04-03-2021,25,31.6,28.3,78.0,1.3,5.9,4.0,310.0,1.0,C ,1.0
156,jak-pus,04-03-2022,25,31.6,28.1,78.0,3.7,7.0,6.0,320.0,1.0,C ,3.0
157,jak-pus,04-03-2023,24.2,29.6,26.8,81.0,42.5,2.2,4.0,300.0,1.0,C ,6.0
158,jak-pus,04-03-2024,25,34,29.2,74.0,6.8,0.2,4.0,270.0,2.0,C ,12.0
159,jak-pus,04-04-2021,25.2,30.2,27.7,84.0,1.6,0.0,4.0,290.0,1.0,C ,1.0
160,jak-pus,04-04-2022,25.0,32.8,28.3,78.0,27.3,3.3,6.0,320.0,1.0,C ,10.0
161,jak-pus,04-04-2023,25.0,32.6,28.7,72,18.4,6.7,4.0,340.0,1.0,C ,5.0
162,jak-pus,04-04-2024,26,34.4,30.2,75.0,5.6,4.0,8.0,330.0,1.0,C ,17.0
163,jak-pus,04-05-2021,26.6,32.8,29.5,72.0,-,4,5.0,330.0,1.0,C ,3.0
164,jak-pus,04-05-2022,25.4,33.0,29.0,78.0,-,3.4,5.0,340.0,0.0,C ,11.0
165,jak-pus,04-05-2023,26.4,34.2,29.4,79.0,2.5,3.8,3.0,310.0,1.0,C ,5.0
166,jak-pus,04-05-2024,28,34,30.3,70.0,0,6.2,6.0,300.0,1.0,C ,16.0
167,jak-pus,04-06-2021,25.8,34.2,30.2,77.0,6.7,1.8,4.0,110.0,1.0,C ,0.0
168,jak-pus,04-06-2022,25.8,32.2,28.8,76.0,0,6.2,4.0,280.0,1.0,C ,9.0
169,jak-pus,04-06-2023,27.8,32.8,29.5,75.0,0,6.2,2.0,120.0,1.0,C ,6.0
170,jak-pus,04-06-2024,27.2,33.4,29.6,78.0,-,0.4,3.0,280.0,1.0,C ,10.0
171,jak-pus,04-07-2021,25.6,33.8,29.0,74.0,-,6.5,4.0,250.0,1.0,C ,0.0
172,jak-pus,04-07-2022,-,33.6,29.5,74.0,13.6,5.7,6.0,120.0,1.0,C ,10.0
173,jak-pus,04-07-2023,24.6,33.0,28.7,74.0,0,3.5,3.0,320.0,0.0,C ,1.0
174,jak-pus,04-07-2024,25.6,32.6,27.1,84,2.5,5.8,5.0,360.0,1.0,C ,3.0
175,jak-pus,04-08-2021,25.8,32.4,29.1,70.0,-,6.0,8.0,320.0,2.0,SE,0.0
176,jak-pus,04-08-2022,25.6,32.0,28.1,82,7.1,6.8,8.0,330.0,1.0,C ,8.0
177,jak-pus,04-08-2023,-,34.2,29.6,74.0,0,3.5,4.0,320.0,1.0,C ,0.0
178,jak-pus,04-08-2024,26.6,33.4,29.3,75.0,0.0,7.0,5.0,10.0,1.0,C,5.0
179,jak-pus,04-09-2021,25.0,32.0,28.7,70.0,-,4.4,4.0,20.0,1.0,C ,1.0
181,jak-pus,04-09-2022,26.2,32.2,28.8,70.0,0,5.7,3.0,320.0,1.0,C ,4.0
182,jak-pus,04-09-2023,24.2,33.4,28.3,62.0,0,5.5,5.0,120.0,1.0,C ,1.0
183,jak-pus,04-09-2024,27.2,34.6,30.1,64.0,0.0,6.2,3.0,50.0,1.0,C,1.0
184,jak-pus,04-10-2021,26.6,32.4,28.4,75.0,0,7.7,6.0,330.0,1.0,C ,3.0
185,jak-pus,04-10-2022,25.8,32.8,28.1,78.0,1.6,5.4,6.0,320.0,2.0,C ,2.0
186,jak-pus,04-10-2023,25,33.0,29.0,74.0,-,8.0,3.0,230.0,1.0,C ,3.0
187,jak-pus,04-10-2024,27.4,34.6,30.4,69.0,0.0,2.2,6.0,360.0,1.0,C,2.0
188,jak-pus,04-11-2021,26.4,32.6,29.0,77.0,0.6,5.2,5.0,330.0,2.0,C ,1.0
189,jak-pus,04-11-2022,26.2,33.2,28.9,75.0,0,3.0,5.0,317.0,1.0,C ,3.0
190,jak-pus,04-11-2023,27.6,32.6,28.2,80.0,-,4.2,4.0,330.0,1.0,C ,1.0
191,jak-pus,04-11-2024,25.0,31.4,27.6,82.0,18.4,5.1,3.0,30.0,1.0,C,3.0
192,jak-pus,04-12-2021,-,-,-,85.0,0,1.0,4.0,300.0,1.0,C ,4.0
193,jak-pus,04-12-2022,25.0,31.2,28.4,77.0,-,6.5,7.0,320.0,2.0,C ,3.0
194,jak-pus,04-12-2023,26.0,29.0,26.7,86.0,2.3,1.7,2.0,120.0,0.0,C ,1.0
195,jak-pus,04-12-2024,25.0,30.0,27.1,83.0,4.0,0.5,5.0,250.0,2.0,W,4.0
196,jak-pus,05-01-2021,26.2,29.6,28.4,76.0,0,5.2,5.0,310.0,1.0,C ,0.0
197,jak-pus,05-01-2022,26.6,33.0,29.4,75.0,0,5.6,5.0,320.0,1.0,C ,6.0
198,jak-pus,05-01-2023,24,32.6,27.4,83.0,35.3,-,4.0,317.0,2.0,C ,4.0
199,jak-pus,05-01-2024,25.0,32.4,28.1,80.0,30.8,0.0,5.0,330.0,1.0,C ,3.0
200,jak-pus,05-02-2021,25,29.6,27.0,85.0,21,6.4,7.0,280.0,3.0,NW,0.0
201,jak-pus,05-02-2022,25.0,28.6,26.0,90.0,16.3,3.5,3.0,270.0,1.0,C ,3.0
202,jak-pus,05-02-2023,26.2,33.6,28.4,77.0,-,1.2,8.0,310.0,2.0,C ,7.0
203,jak-pus,05-02-2024,26.0,32.0,27.9,84.0,14,2.4,10.0,320.0,1.0,C ,1.0
204,jak-pus,05-03-2021,25.4,31.6,27.4,82.0,3,3.0,10.0,320.0,2.0,C ,1.0
205,jak-pus,05-03-2022,25.4,33.4,27.1,78.0,-,2.0,8.0,250.0,2.0,W ,9.0
206,jak-pus,05-03-2023,25,29.6,26.6,87.0,2.2,2,3.0,310.0,0.0,C ,4.0
207,jak-pus,05-03-2024,26.4,35.2,30.2,71.0,1,1.0,5.0,260.0,2.0,C ,10.0
208,jak-pus,05-04-2021,25.0,32.0,28.5,78.0,-,0.4,4.0,320.0,2.0,C ,3.0
209,jak-pus,05-04-2022,25.6,32.4,27.6,81.0,0,7.6,6.0,340.0,1.0,C ,7.0
210,jak-pus,05-04-2023,25.8,33.2,29,69,-,3.2,6.0,317.0,1.0,C ,7.0
211,jak-pus,05-04-2024,26,32.4,29.6,80.0,-,6.2,2.0,80.0,0.0,C ,20.0
212,jak-pus,05-05-2021,27.4,32.4,29.5,78.0,0,2.7,5.0,330.0,1.0,C ,3.0
213,jak-pus,05-05-2022,26.4,34.0,29.5,77.0,0,5.0,3.0,332.0,1.0,C ,5.0
214,jak-pus,05-05-2023,26,33.4,29.2,80.0,-,6.6,3.0,300.0,1.0,C ,4.0
215,jak-pus,05-05-2024,27.4,34.6,30.8,71.0,0,5.0,6.0,360.0,1.0,C ,21.0
216,jak-pus,05-06-2021,26.8,33.0,29.3,78.0,8888,5,5.0,290.0,1.0,C ,1.0
217,jak-pus,05-06-2022,26.4,32.6,28.6,78.0,0,7,6.0,340.0,2.0,C ,5.0
218,jak-pus,05-06-2023,27.2,33.6,29.6,74.0,-,4.0,6.0,320.0,1.0,C ,9.0
219,jak-pus,05-06-2024,27,33.4,30,72.0,-,3.0,3.0,320.0,1.0,C ,9.0
220,jak-pus,05-07-2021,26.2,32.4,28.6,76.0,0,6.6,4.0,300.0,1.0,C ,1.0
221,jak-pus,05-07-2022,25,33.2,29.4,78.0,-,6.5,5.0,330.0,1.0,C ,3.0
222,jak-pus,05-07-2023,26.4,33.4,29.3,73.0,0,5.5,5.0,70.0,1.0,C ,1.0
223,jak-pus,05-07-2024,24.6,32.2,27,84,14.5,1.6,4.0,140.0,1.0,C ,3.0
224,jak-pus,05-08-2021,26.8,31.0,27.4,81.0,0,6.3,5.0,300.0,1.0,C ,0.0
225,jak-pus,05-08-2022,25.8,30.8,28.0,82,15.4,6.0,8.0,340.0,2.0,C ,7.0
226,jak-pus,05-08-2023,26.6,33.0,29.4,71.0,-,6.5,4.0,350.0,1.0,C ,4.0
227,jak-pus,05-08-2024,26.2,31.6,28.5,74.0,5.0,7.1,6.0,320.0,2.0,C,4.0
228,jak-pus,05-09-2021,26.4,33.2,29.6,67.0,-,7,7.0,340.0,2.0,C ,0.0
229,jak-pus,05-09-2022,26.6,32.4,29.4,74.0,0,7.8,6.0,320.0,1.0,C ,6.0
230,jak-pus,05-09-2023,24.6,33.6,28.4,63.0,-,7.5,3.0,210.0,0.0,C ,1.0
231,jak-pus,05-09-2024,27.6,33.4,30.1,66.0,0.0,7.0,4.0,300.0,1.0,C,1.0
232,jak-pus,05-10-2021,25.4,33.0,29.0,66.0,16.2,4.6,6.0,330.0,1.0,C ,2.0
233,jak-pus,05-10-2022,25.0,30.6,27.4,87.0,26,4.8,0.0,0.0,0.0,C ,3.0
234,jak-pus,05-10-2023,27.2,34.0,29.8,74.0,0,8.0,3.0,240.0,0.0,C ,1.0
235,jak-pus,05-10-2024,26.0,32.6,29.6,72.0,0.0,5.4,6.0,350.0,2.0,C,1.0
236,jak-pus,05-11-2021,26.6,29.8,27.9,82.0,8888,5.8,2.0,290.0,0.0,C ,3.0
237,jak-pus,05-11-2022,25.4,32.6,28.0,78.0,27.6,2.4,7.0,320.0,1.0,C ,3.0
238,jak-pus,05-11-2023,24.4,32.6,28.7,80.0,28,1.5,6.0,290.0,1.0,C ,3.0
239,jak-pus,05-11-2024,25.2,33.6,28.6,78.0,0.0,2.8,6.0,320.0,2.0,C,1.0
240,jak-pus,05-12-2021,25,28.2,26.2,85.0,2.5,0.0,3.0,270.0,0.0,C ,1.0
241,jak-pus,05-12-2022,26.0,32.2,28.6,76.0,0,1.8,7.0,320.0,1.0,C ,6.0
242,jak-pus,05-12-2023,24.8,32.4,29.4,74.0,1.4,0,5.0,320.0,1.0,C ,0.0
243,jak-pus,05-12-2024,25.0,32.2,27.7,82.0,10.4,0.0,5.0,260.0,1.0,C,2.0
244,jak-pus,06-01-2021,24,30.6,27.2,85.0,8.2,2.6,10.0,260.0,1.0,C ,0.0
245,jak-pus,06-01-2022,25.6,31.8,27.9,86.0,34.5,7.5,5.0,320.0,1.0,C ,5.0
246,jak-pus,06-01-2023,24.4,33.4,29.6,68.0,2.3,2.2,4.0,316.0,1.0,C ,2.0
247,jak-pus,06-01-2024,25.2,32.2,27.8,83.0,1,4.0,4.0,240.0,1.0,C ,1.0
248,jak-pus,06-02-2021,24.6,30.0,28.2,80.0,39.4,4.0,5.0,300.0,2.0,NW,0.0
249,jak-pus,06-02-2022,25.2,31.4,27.9,81.0,41.5,0.0,8.0,320.0,3.0,C ,1.0
250,jak-pus,06-02-2023,25,33.4,29.2,67.0,1.2,5.5,4.0,290.0,2.0,C ,5.0
251,jak-pus,06-02-2024,26.2,31.0,26.4,86.0,6.8,3.4,9.0,250.0,1.0,C ,6.0
252,jak-pus,06-03-2021,25.8,30.4,26.8,86.0,0.6,4.2,3.0,300.0,1.0,C ,0.0
253,jak-pus,06-03-2022,25,32.8,27.9,77.0,12.1,2.0,7.0,300.0,4.0,W ,2.0
254,jak-pus,06-03-2023,24,33.0,28.3,71.0,2.3,2.4,7.0,310.0,2.0,C ,4.0
255,jak-pus,06-03-2024,27.2,33.8,29.6,75.0,8888,2.4,5.0,320.0,2.0,C ,13.0
256,jak-pus,06-04-2021,26.0,33.4,29.0,71.0,-,1.5,10.0,250.0,5.0,W ,4.0
257,jak-pus,06-04-2022,24.8,34.4,28.5,74.0,54,7.0,7.0,330.0,1.0,C ,7.0
258,jak-pus,06-04-2023,26.6,34.8,30.3,56,0,9.2,5.0,315.0,1.0,C ,6.0
259,jak-pus,06-04-2024,26.6,32.4,29.2,80.0,2.8,1.2,3.0,320.0,1.0,C ,19.0
260,jak-pus,06-05-2021,26,32.4,27.6,81.0,36.8,4,6.0,250.0,2.0,C ,2.0
261,jak-pus,06-05-2022,26.0,34.8,30.2,74.0,-,7.0,6.0,330.0,1.0,C ,9.0
262,jak-pus,06-05-2023,26,33.2,28.8,82.0,18.1,3.9,3.0,320.0,0.0,C ,4.0
263,jak-pus,06-05-2024,27,33.4,30.5,68.0,-,5.8,3.0,300.0,0.0,C ,26.0
264,jak-pus,06-06-2021,27.4,32.8,29.5,78.0,0,5.6,5.0,330.0,1.0,C ,1.0
265,jak-pus,06-06-2022,25,31.8,27.6,79.0,8888,6.3,4.0,320.0,0.0,C ,7.0
266,jak-pus,06-06-2023,26,31.6,27.8,82.0,0.3,4.4,3.0,110.0,0.0,C ,1.0
267,jak-pus,06-06-2024,26.6,35.6,30.7,68.0,-,6.0,4.0,310.0,1.0,C ,12.0
268,jak-pus,06-07-2021,25,32.2,28.6,74.0,-,5.5,3.0,300.0,1.0,C ,0.0
269,jak-pus,06-07-2022,25,28.6,26.4,89.0,11.6,7,5.0,330.0,0.0,C ,9.0
270,jak-pus,06-07-2023,26.4,30.2,27.8,82.0,1.6,6,3.0,317.0,0.0,C ,3.0
271,jak-pus,06-07-2024,24.6,28.4,24.8,92,15.3,4.2,3.0,120.0,0.0,C ,6.0
272,jak-pus,06-08-2021,24.6,33.0,28.3,72.0,6.2,2.5,6.0,70.0,2.0,C ,0.0
273,jak-pus,06-08-2022,25.0,32.0,28.1,76,-,4.0,8.0,330.0,2.0,C ,3.0
274,jak-pus,06-08-2023,26.4,33.4,28.8,73.0,0,6.8,7.0,20.0,2.0,C ,0.0
275,jak-pus,06-08-2024,26.2,33.8,29.2,69.0,0.0,2.5,5.0,360.0,1.0,C,8.0
276,jak-pus,06-09-2021,27.2,33.4,29.6,72.0,0,5.2,5.0,120.0,2.0,C ,2.0
277,jak-pus,06-09-2022,27.4,34.6,30.0,70.0,0.2,6.5,5.0,120.0,1.0,C ,2.0
278,jak-pus,06-09-2023,25.2,33.4,28.7,65.0,0,8.0,3.0,90.0,0.0,C ,2.0
279,jak-pus,06-09-2024,27.6,35.4,30.6,67.0,0.0,6.8,3.0,330.0,1.0,C,3.0
280,jak-pus,06-10-2021,-,33.2,28.7,77.0,-,6.8,4.0,330.0,1.0,C ,3.0
281,jak-pus,06-10-2022,26.0,33.6,27.9,78.0,0,0.8,8.0,340.0,1.0,C ,2.0
282,jak-pus,06-10-2023,-,32.4,29.3,76.0,-,8.5,5.0,360.0,1.0,C ,4.0
283,jak-pus,06-10-2024,27.2,32.4,29.7,72.0,8888.0,7.5,6.0,320.0,1.0,C,0.0
284,jak-pus,06-11-2021,26.2,32.8,29.4,76.0,2,1.4,6.0,330.0,2.0,C ,1.0
285,jak-pus,06-11-2022,24.2,30.8,27.9,79.0,-,5.0,5.0,320.0,1.0,C ,3.0
286,jak-pus,06-11-2023,25,33.4,30.1,75.0,0,0.6,5.0,320.0,0.0,C ,0.0
287,jak-pus,06-11-2024,25.0,33.4,29.3,73.0,14.5,6.0,5.0,100.0,1.0,C,0.0
288,jak-pus,06-12-2021,24.4,32,26.8,84.0,11.9,0.0,5.0,320.0,1.0,C ,3.0
289,jak-pus,06-12-2022,26.6,30.4,27.9,80.0,0,5.0,4.0,317.0,1.0,C ,7.0
290,jak-pus,06-12-2023,26.2,33.4,29.4,74.0,-,6.5,5.0,320.0,1.0,C ,1.0
291,jak-pus,06-12-2024,25.2,29.6,27.1,86.0,48.2,1.5,3.0,200.0,0.0,C,2.0
292,jak-pus,07-01-2021,24,29.8,26.8,84.0,40.5,-,3.0,320.0,1.0,C ,0.0
293,jak-pus,07-01-2022,25.6,35.0,29.3,74.0,6.8,2.0,5.0,270.0,1.0,C ,5.0
294,jak-pus,07-01-2023,27,33.8,29.6,70.0,0,6.2,4.0,340.0,2.0,C ,3.0
295,jak-pus,07-01-2024,25.8,33.2,28.1,80.0,1.3,3.7,3.0,320.0,1.0,C ,2.0
296,jak-pus,07-02-2021,25.8,30.2,27.8,82.0,67.8,7.6,8.0,350.0,3.0,C ,0.0
297,jak-pus,07-02-2022,25.0,30.4,27.6,82.0,10,1.7,6.0,330.0,1.0,C ,6.0
298,jak-pus,07-02-2023,26.4,30.2,27.8,78.0,0,3.0,4.0,240.0,1.0,C ,0.0
299,jak-pus,07-02-2024,24.6,33.4,28.9,75.0,14.8,3.5,5.0,260.0,1.0,C ,5.0
300,jak-pus,07-03-2021,24.2,30.6,27.1,85.0,67.2,5.0,8.0,330.0,2.0,C ,0.0
301,jak-pus,07-03-2022,26.8,33.0,29.1,71.0,0,4.6,8.0,250.0,2.0,C ,4.0
302,jak-pus,07-03-2023,25.2,31.2,27.7,76.0,8888,5.2,4.0,315.0,1.0,C ,5.0
303,jak-pus,07-03-2024,26.8,34.6,29.7,74.0,4,1.2,5.0,240.0,1.0,C ,11.0
304,jak-pus,07-04-2021,25.4,30.4,27.8,76.0,0.8,5.6,9.0,260.0,2.0,W ,0.0
305,jak-pus,07-04-2022,25.0,33.6,28.9,76.0,8888,8.0,10.0,330.0,2.0,C ,6.0
306,jak-pus,07-04-2023,26.0,32.4,28.7,69,0,5.6,5.0,316.0,1.0,C ,4.0
307,jak-pus,07-04-2024,26.4,34.4,30.1,76.0,-,1.0,5.0,330.0,2.0,C ,17.0
308,jak-pus,07-05-2021,25,32.8,28.8,80.0,4,2.5,6.0,350.0,1.0,C ,3.0
309,jak-pus,07-05-2022,27.6,33.0,29.9,77.0,0,7.3,3.0,350.0,1.0,C ,6.0
310,jak-pus,07-05-2023,26.6,33.2,28.5,83.0,-,3.4,6.0,310.0,1.0,C ,1.0
311,jak-pus,07-05-2024,28,35,31.0,68.0,0,3.7,2.0,50.0,1.0,C ,22.0
312,jak-pus,07-06-2021,25.2,32.5,28.1,80.0,31.4,6.5,5.0,320.0,1.0,C ,2.0
313,jak-pus,07-06-2022,25.4,32.0,28.1,78.0,0.5,0.2,4.0,120.0,0.0,C ,4.0
314,jak-pus,07-06-2023,26,33.8,29.8,72.0,1.7,0.0,5.0,310.0,1.0,C ,3.0
315,jak-pus,07-06-2024,27,33.2,29.9,73.0,-,6.6,8.0,360.0,2.0,C ,13.0
316,jak-pus,07-07-2021,26,31.8,28.5,70.0,-,6.5,5.0,320.0,1.0,C ,1.0
317,jak-pus,07-07-2022,25.4,32.4,28.6,80.0,16.8,2,4.0,330.0,1.0,C ,9.0
318,jak-pus,07-07-2023,-,31.8,28.2,78.0,2.5,1.5,4.0,320.0,0.0,C ,1.0
319,jak-pus,07-07-2024,23.6,30.4,27.4,81,49.3,0.5,3.0,140.0,0.0,C ,1.0
320,jak-pus,07-08-2021,25,33.4,29.0,74.0,-,6.5,4.0,80.0,2.0,E ,3.0
322,jak-pus,07-08-2022,25.6,32.0,28.1,78,2.6,7.0,3.0,300.0,1.0,C ,2.0
323,jak-pus,07-08-2023,26.2,32.6,28.8,76.0,0,7.0,5.0,310.0,1.0,C ,6.0
324,jak-pus,07-08-2024,25.0,33.2,28.9,72.0,0.0,7.0,7.0,330.0,1.0,C,4.0
325,jak-pus,07-09-2021,27.0,31.4,28.8,74.0,0,4.3,4.0,340.0,1.0,C ,1.0
326,jak-pus,07-09-2022,25,31.0,27.4,85.0,0.2,6.3,3.0,260.0,0.0,C ,3.0
327,jak-pus,07-09-2023,26,32.6,28.7,70.0,0,9.2,6.0,320.0,1.0,C ,1.0
328,jak-pus,07-09-2024,26.0,35.2,30.4,64.0,0.0,7.0,4.0,120.0,2.0,C,2.0
329,jak-pus,07-10-2021,25.6,32.4,29.3,66.0,-,5.5,8.0,330.0,2.0,C ,3.0
330,jak-pus,07-10-2022,25.0,32.2,27.2,85.0,48.6,7.8,3.0,270.0,1.0,C ,2.0
331,jak-pus,07-10-2023,26.4,33.6,29.6,74.0,0,4.4,7.0,340.0,1.0,C ,4.0
332,jak-pus,07-10-2024,27.0,35.8,30.5,62.0,0.0,5.5,5.0,140.0,1.0,C,1.0
333,jak-pus,07-11-2021,26.0,32.4,27.6,84.0,-,7.8,7.0,320.0,2.0,C ,2.0
334,jak-pus,07-11-2022,25.6,30.4,27.5,83.0,2.2,0.0,3.0,320.0,0.0,C ,5.0
335,jak-pus,07-11-2023,27.4,33.4,30.4,71.0,0,5.2,7.0,320.0,2.0,C ,4.0
336,jak-pus,07-11-2024,26.8,33.4,29.5,75.0,0.0,3.5,4.0,300.0,1.0,C,2.0
337,jak-pus,07-12-2021,24,29,26.8,86.0,65.6,2.5,3.0,290.0,1.0,C ,3.0
338,jak-pus,07-12-2022,25.4,31.2,28.2,80.0,8888,0.4,5.0,317.0,0.0,C ,4.0
339,jak-pus,07-12-2023,27.2,33.4,29.2,79.0,0,6.7,4.0,320.0,1.0,C ,2.0
340,jak-pus,07-12-2024,25.4,31.6,27.7,87.0,8888.0,0.2,3.0,330.0,0.0,C,0.0
341,jak-pus,08-01-2021,25,30.2,27.1,85.0,2,0,8.0,320.0,2.0,C ,1.0
342,jak-pus,08-01-2022,26.2,32.4,28.6,77.0,0.3,6.9,4.0,300.0,1.0,C ,4.0
343,jak-pus,08-01-2023,26.6,32.0,28.1,76.0,8888,8,8.0,320.0,2.0,C ,6.0
344,jak-pus,08-01-2024,25.8,31.6,28.3,79.0,-,4.2,5.0,320.0,1.0,C ,7.0
345,jak-pus,08-02-2021,25,30.2,28.0,83.0,9,4.4,8.0,330.0,2.0,C ,4.0
346,jak-pus,08-02-2022,25.4,28.0,26.5,91.0,6.5,5.8,6.0,320.0,0.0,C ,2.0
347,jak-pus,08-02-2023,-,32.2,27.1,87.0,62.8,2.0,4.0,310.0,1.0,C ,5.0
348,jak-pus,08-02-2024,25.4,32.6,29.3,76.0,-,5.0,11.0,330.0,2.0,C ,3.0
349,jak-pus,08-03-2021,-,31.4,27.0,80.0,2,0.2,5.0,250.0,2.0,W ,4.0
350,jak-pus,08-03-2022,25,32.0,27.8,80.0,-,1.1,5.0,330.0,1.0,C ,6.0
351,jak-pus,08-03-2023,25.6,29.2,26.5,88.0,4,8,2.0,250.0,1.0,C ,3.0
352,jak-pus,08-03-2024,25,32,29.2,75.0,0,4.6,4.0,260.0,1.0,C ,9.0
353,jak-pus,08-04-2021,25.6,33.4,29.1,75.0,0.9,0.8,6.0,280.0,1.0,C ,3.0
354,jak-pus,08-04-2022,25.0,34.2,28.0,76.0,8888,5.1,4.0,270.0,0.0,C ,9.0
355,jak-pus,08-04-2023,26.6,33.2,28.9,74,0,8.0,3.0,290.0,1.0,C ,7.0
356,jak-pus,08-04-2024,26,33.0,30.0,72.0,-,4.8,3.0,300.0,2.0,C ,14.0
357,jak-pus,08-05-2021,25.8,33.2,29.2,78.0,0.4,6,7.0,330.0,2.0,C ,7.0
358,jak-pus,08-05-2022,27.4,33.6,30.1,72.0,0,7.2,3.0,50.0,1.0,C ,11.0
359,jak-pus,08-05-2023,26.4,32.8,28.7,78.0,45.5,4.7,3.0,340.0,1.0,C ,4.0
360,jak-pus,08-05-2024,28,34.2,30.5,71.0,-,6.5,3.0,310.0,1.0,C ,25.0
361,jak-pus,08-06-2021,26,32.6,29.1,76.0,-,5,4.0,20.0,2.0,C ,2.0
362,jak-pus,08-06-2022,25.6,30.8,27.3,87.0,13.6,2.7,3.0,330.0,0.0,C ,10.0
363,jak-pus,08-06-2023,27,33.6,29.9,75.0,0,4.0,5.0,315.0,1.0,C ,7.0
364,jak-pus,08-06-2024,27.2,33.8,30.5,72.0,-,6.0,4.0,80.0,2.0,E ,11.0
365,jak-pus,08-07-2021,25.2,33.2,28.5,69.0,0,4.6,3.0,90.0,1.0,C ,0.0
366,jak-pus,08-07-2022,26,32.6,28.8,74.0,-,6.8,7.0,330.0,2.0,C ,9.0
367,jak-pus,08-07-2023,25.4,32.0,28.1,80.0,1.2,1.2,3.0,110.0,1.0,C ,2.0
368,jak-pus,08-07-2024,-,33.6,-,-,-,-,4.0,360.0,1.0,C,6.0
369,jak-pus,08-08-2021,26.2,33.4,29.3,74.0,-,7.2,5.0,70.0,2.0,E ,0.0
371,jak-pus,08-08-2022,25.8,33.2,28.7,70,0,6.5,7.0,320.0,1.0,C ,6.0
372,jak-pus,08-08-2023,26.4,34.0,29.0,77.0,-,5.2,7.0,320.0,2.0,C ,3.0
373,jak-pus,08-08-2024,27.0,33.6,29.4,68.0,0.0,7.0,3.0,110.0,1.0,C,9.0
374,jak-pus,08-09-2021,25.0,32.0,27.9,78.0,6.9,4,7.0,320.0,2.0,C ,0.0
375,jak-pus,08-09-2022,25.6,28.6,26.8,86.0,5.8,4.6,4.0,320.0,1.0,C ,5.0
376,jak-pus,08-09-2023,26.6,33.2,29.0,74.0,0,9.3,3.0,300.0,1.0,C ,2.0
377,jak-pus,08-09-2024,27.4,34.8,30.1,67.0,0.0,8.0,12.0,330.0,2.0,C,0.0
378,jak-pus,08-10-2021,25.8,31.6,28.7,72.0,-,6.4,5.0,320.0,1.0,C ,0.0
379,jak-pus,08-10-2022,24.5,33.4,28.1,74.0,1.2,1.5,4.0,260.0,1.0,C ,0.0
380,jak-pus,08-10-2023,26,33.4,29.7,73.0,-,4.9,4.0,310.0,1.0,C ,3.0
381,jak-pus,08-10-2024,27.4,34.8,30.6,64.0,0.0,8.0,6.0,320.0,1.0,C,3.0
382,jak-pus,08-11-2021,25.2,32.2,28.3,79.0,19.2,1.8,3.0,320.0,1.0,C ,0.0
383,jak-pus,08-11-2022,25.6,30.2,27.5,80.0,0.4,2.0,4.0,317.0,1.0,C ,6.0
384,jak-pus,08-11-2023,27.6,33.6,30.4,72.0,-,3.2,8.0,330.0,1.0,C ,0.0
385,jak-pus,08-11-2024,26.8,33.8,30.0,70.0,0.0,3.5,4.0,300.0,1.0,C,0.0
386,jak-pus,08-12-2021,24.4,32.6,28.1,81.0,1.5,0.0,5.0,320.0,1.0,C ,2.0
387,jak-pus,08-12-2022,25.0,33.0,27.8,80.0,-,1.5,5.0,320.0,1.0,C ,4.0
388,jak-pus,08-12-2023,26.4,32.6,29.4,76.0,0,0.6,5.0,320.0,1.0,C ,2.0
389,jak-pus,08-12-2024,25.0,32.0,28.2,82.0,30.4,1.4,5.0,320.0,1.0,C,2.0
390,jak-pus,09-01-2021,25.6,32.0,26.4,87.0,14.4,0.6,5.0,300.0,1.0,C ,1.0
391,jak-pus,09-01-2022,26.6,32.6,29.1,77.0,0,7.0,8.0,340.0,2.0,C ,6.0
392,jak-pus,09-01-2023,-,32.6,29.0,73.0,8888,3.8,5.0,320.0,3.0,NW,5.0
393,jak-pus,09-01-2024,25.0,33.8,29.2,76.0,-,0.0,7.0,320.0,2.0,C ,1.0
394,jak-pus,09-02-2021,24.2,30.2,27.2,87.0,16.5,3.5,4.0,270.0,1.0,C ,0.0
395,jak-pus,09-02-2022,24.8,30.8,26.5,83.0,63.8,0.0,8.0,330.0,3.0,W ,1.0
396,jak-pus,09-02-2023,25.2,31.8,27.4,73.0,1,2.2,9.0,320.0,1.0,C ,4.0
397,jak-pus,09-02-2024,26.0,31.0,29.0,79.0,-,8.5,6.0,320.0,2.0,NW,2.0
398,jak-pus,09-03-2021,24.8,30.4,27.3,80.0,3.4,2.0,5.0,330.0,1.0,C ,2.0
399,jak-pus,09-03-2022,26,31.8,28.1,80.0,0.5,3.0,7.0,340.0,1.0,C ,8.0
400,jak-pus,09-03-2023,24.8,31.6,27.1,83.0,9.5,0.5,7.0,320.0,1.0,C ,2.0
401,jak-pus,09-03-2024,-,-,-,94.0,4.2,0.5,5.0,270.0,0.0,C ,6.0
402,jak-pus,09-04-2021,25.6,31.8,28.6,78.0,-,6.7,6.0,330.0,2.0,C ,5.0
403,jak-pus,09-04-2022,25.6,32.0,28.5,73.0,45.7,3.7,4.0,330.0,1.0,C ,2.0
404,jak-pus,09-04-2023,27.0,32.8,-,-,8888,7.6,4.0,320.0,2.0,NW,4.0
405,jak-pus,09-04-2024,27.4,32.2,28.6,81.0,-,5.0,3.0,320.0,0.0,C ,22.0
406,jak-pus,09-05-2021,24.6,32.4,28.4,80.0,47,4,4.0,300.0,1.0,C ,2.0
407,jak-pus,09-05-2022,27.6,34.0,29.9,74.0,-,6.0,5.0,40.0,1.0,C ,16.0
408,jak-pus,09-05-2023,26.4,34.2,30.4,75.0,-,3.0,3.0,110.0,1.0,C ,4.0
409,jak-pus,09-05-2024,27,35.2,30.6,73.0,-,4.2,3.0,120.0,1.0,C ,18.0
410,jak-pus,09-06-2021,26.4,32.4,29.1,77.0,2.2,6,5.0,10.0,1.0,C ,2.0
411,jak-pus,09-06-2022,25.8,31.8,26.7,86.0,0.5,2.5,4.0,60.0,0.0,C ,5.0
412,jak-pus,09-06-2023,-,34.0,29.2,73.0,0,3.5,3.0,310.0,1.0,C ,4.0
413,jak-pus,09-06-2024,27.6,33.4,29.6,75.0,0,6.8,5.0,310.0,1.0,C ,9.0
414,jak-pus,09-07-2021,25.4,34.0,29.3,71.0,0,4.0,7.0,320.0,1.0,C ,1.0
415,jak-pus,09-07-2022,25,32.0,28.2,74.0,-,5.7,9.0,330.0,2.0,C ,4.0
416,jak-pus,09-07-2023,25.4,33.2,28.5,76.0,0,2.4,4.0,50.0,2.0,S ,4.0
417,jak-pus,09-07-2024,24.8,31.6,28.1,83,54,7,5.0,310.0,1.0,C,3.0
418,jak-pus,09-08-2021,26.8,33.0,29.6,75.0,0,5.8,5.0,60.0,2.0,C ,0.0
419,jak-pus,09-08-2022,26.4,33.2,29.1,67,-,7.0,6.0,320.0,1.0,C ,5.0
420,jak-pus,09-08-2023,26,33.4,28.7,75.0,0,7.0,4.0,320.0,0.0,C ,0.0
421,jak-pus,09-08-2024,27.0,35.2,29.7,70.0,0.0,2.5,3.0,360.0,1.0,C,4.0
422,jak-pus,09-09-2021,23.6,32.4,27.8,74.0,22,7.2,7.0,330.0,1.0,C ,1.0
423,jak-pus,09-09-2022,25.2,31.2,26.4,86.0,1.5,0.0,5.0,300.0,1.0,C ,3.0
424,jak-pus,09-09-2023,26.6,33.0,29.3,72.0,-,8.0,8.0,330.0,1.0,C ,1.0
425,jak-pus,09-09-2024,28.0,33.0,28.6,74.0,0.0,7.9,8.0,320.0,2.0,C,2.0
426,jak-pus,09-10-2021,26.6,33.8,29.6,70.0,0,5.6,7.0,320.0,2.0,C ,2.0
427,jak-pus,09-10-2022,25.0,31.4,27.8,77.0,-,2.3,5.0,320.0,1.0,C ,4.0
428,jak-pus,09-10-2023,27,34.6,30.1,72.0,0,7.5,3.0,90.0,1.0,C ,1.0
429,jak-pus,09-10-2024,26.0,33.8,30.2,69.0,0.0,6.8,4.0,300.0,1.0,C,1.0
430,jak-pus,09-11-2021,25.6,32.0,29.4,78.0,-,4.5,4.0,320.0,1.0,C ,2.0
431,jak-pus,09-11-2022,24.8,31.6,28.0,78.0,7.7,0.6,5.0,320.0,1.0,C ,3.0
432,jak-pus,09-11-2023,27,-,30.0,72.0,0,0,5.0,320.0,1.0,C ,2.0
433,jak-pus,09-11-2024,27.8,33.6,29.1,76.0,0.0,5.7,3.0,320.0,1.0,C,1.0
434,jak-pus,09-12-2021,25,31,28,84.0,30.5,5.0,5.0,330.0,2.0,C ,2.0
435,jak-pus,09-12-2022,25.6,31.8,27.2,82.0,2.6,0.8,5.0,320.0,1.0,C ,7.0
436,jak-pus,09-12-2023,26.6,32.4,29.1,76.0,0,3.6,3.0,300.0,1.0,C ,0.0
437,jak-pus,09-12-2024,26.0,32.0,27.5,85.0,0.0,1.5,3.0,30.0,0.0,C,0.0
438,jak-pus,10-01-2021,24.6,31.0,27.1,82.0,34.3,4,4.0,280.0,1.0,C ,0.0
439,jak-pus,10-01-2022,25.2,31.8,28.3,78.0,-,1.5,7.0,330.0,2.0,C ,6.0
440,jak-pus,10-01-2023,27.2,34.4,30.1,65.0,8888,5,6.0,320.0,1.0,C ,3.0
441,jak-pus,10-01-2024,26.4,32.8,29.2,76.0,-,6.0,6.0,320.0,2.0,C ,4.0
442,jak-pus,10-02-2021,25.4,30.8,28.1,80.0,1.4,5.8,7.0,200.0,2.0,C ,0.0
443,jak-pus,10-02-2022,24.8,31.2,27.4,78.0,1.2,6.0,6.0,290.0,2.0,C ,2.0
444,jak-pus,10-02-2023,25,31.8,27.9,77.0,9.6,1.5,7.0,317.0,2.0,C ,2.0
445,jak-pus,10-02-2024,25.2,32.0,28.6,79.0,102,4.2,6.0,310.0,1.0,C ,3.0
446,jak-pus,10-03-2021,25,30.6,27.4,83.0,40.6,3.5,9.0,330.0,2.0,C ,0.0
447,jak-pus,10-03-2022,26,32.4,28.5,77.0,-,1.4,9.0,320.0,2.0,C ,4.0
448,jak-pus,10-03-2023,24,32.4,27.8,81.0,10,6.1,5.0,320.0,1.0,C ,9.0
449,jak-pus,10-03-2024,24.2,30.8,27.9,86.0,47.7,0.0,4.0,290.0,1.0,C ,14.0
450,jak-pus,10-04-2021,24.4,31.6,27.6,81.0,6,6.5,5.0,320.0,1.0,C ,1.0
451,jak-pus,10-04-2022,26.0,33.2,29.3,74.0,0,6.5,4.0,320.0,1.0,C ,8.0
452,jak-pus,10-04-2023,26.8,33.0,29.1,70,-,5.0,5.0,240.0,2.0,NW,6.0
453,jak-pus,10-04-2024,26.4,33.4,28.7,78.0,8.7,0.8,5.0,330.0,1.0,C ,14.0
454,jak-pus,10-05-2021,25.4,33.6,29.7,76.0,3.5,6.6,5.0,280.0,1.0,C ,3.0
455,jak-pus,10-05-2022,26.0,33.8,29.9,76.0,8888,1.0,8.0,300.0,2.0,C ,13.0
456,jak-pus,10-05-2023,27.2,34.0,30.3,76.0,0,3.6,5.0,120.0,1.0,C ,6.0
457,jak-pus,10-05-2024,27.8,34.6,30.9,73.0,-,6.0,3.0,140.0,1.0,C ,20.0
458,jak-pus,10-06-2021,26.8,33.0,29.4,76.0,0,4.7,5.0,330.0,2.0,C ,3.0
459,jak-pus,10-06-2022,-,34.0,28.1,77.0,5,-,5.0,320.0,1.0,C ,6.0
460,jak-pus,10-06-2023,27.4,32.4,29.5,75.0,0,5.2,3.0,10.0,1.0,C ,4.0
461,jak-pus,10-06-2024,27,34,30.7,73.0,0,3.6,6.0,360.0,1.0,C ,14.0
462,jak-pus,10-07-2021,25,32.6,29.6,73.0,-,5.8,3.0,110.0,2.0,E ,0.0
464,jak-pus,10-07-2022,25.2,32.4,28.2,70.0,0,6.7,4.0,50.0,1.0,C ,7.0
465,jak-pus,10-07-2023,26.2,33.0,29.3,73.0,0,4.5,4.0,160.0,1.0,C ,4.0
466,jak-pus,10-07-2024,25,33.2,28.7,76,1.6,2,4.0,360.0,1.0,C,5.0
467,jak-pus,10-08-2021,24.6,30.8,27.1,84.0,66.5,7.4,4.0,360.0,1.0,C ,0.0
468,jak-pus,10-08-2022,25.0,34.0,29.6,69,-,6.5,4.0,100.0,1.0,C ,6.0
469,jak-pus,10-08-2023,25.8,33.2,28.3,76.0,0,7.2,6.0,320.0,1.0,C ,3.0
470,jak-pus,10-08-2024,25.0,33.8,29.5,72.0,0.0,7.0,3.0,20.0,1.0,C,10.0
471,jak-pus,10-09-2021,24.8,32.8,28.5,64.0,0,8.7,3.0,10.0,1.0,C ,1.0
472,jak-pus,10-09-2022,24.2,30.4,26.7,84.0,55.8,1.2,5.0,300.0,2.0,C ,6.0
473,jak-pus,10-09-2023,26.2,31.8,28.4,66.0,0,8.0,4.0,310.0,1.0,C ,3.0
474,jak-pus,10-09-2024,25.8,31.6,28.0,80.0,22.4,6.5,4.0,320.0,1.0,C,3.0
475,jak-pus,10-10-2021,26,33.4,29.8,72.0,-,9.8,5.0,330.0,2.0,C ,0.0
476,jak-pus,10-10-2022,25.6,31.2,28.0,76.0,0,2.6,5.0,320.0,1.0,C ,6.0
477,jak-pus,10-10-2023,27.8,34.8,30.7,65.0,0,8.0,8.0,320.0,1.0,C ,0.0
478,jak-pus,10-10-2024,28.2,34.2,30.9,69.0,0.0,8.0,7.0,320.0,1.0,C,2.0
479,jak-pus,10-11-2021,26.4,33.4,28.6,76.0,1.9,3.4,6.0,290.0,1.0,C ,4.0
480,jak-pus,10-11-2022,25.0,31.2,27.6,82.0,8888,0.0,5.0,316.0,1.0,C ,7.0
481,jak-pus,10-11-2023,27,33.4,29.2,79.0,0,0,4.0,320.0,1.0,C ,1.0
482,jak-pus,10-11-2024,25.0,33.2,28.7,77.0,0.0,4.9,4.0,300.0,1.0,C,0.0
483,jak-pus,10-12-2021,24.8,31.8,28.1,82.0,0.6,2.5,5.0,320.0,2.0,C ,2.0
484,jak-pus,10-12-2022,24.2,33.2,27.9,77.0,14.1,3.0,4.0,310.0,1.0,C ,4.0
485,jak-pus,10-12-2023,26.8,32.0,29.2,77.0,0,1,4.0,50.0,1.0,C ,0.0
486,jak-pus,10-12-2024,25.4,31.8,27.7,82.0,26.0,0.0,6.0,260.0,3.0,W,2.0
487,jak-pus,11-01-2021,24.6,30.8,27.8,78.0,-,0,5.0,300.0,2.0,NW,1.0
488,jak-pus,11-01-2022,24.8,31.4,26.9,86.0,24,1.0,7.0,340.0,1.0,C ,4.0
489,jak-pus,11-01-2023,26.2,32.0,28.8,73.0,0,5,4.0,320.0,1.0,C ,4.0
490,jak-pus,11-01-2024,26.8,32.8,27.3,87.0,0,3.8,5.0,320.0,1.0,C ,3.0
491,jak-pus,11-02-2021,25.8,32.0,27.6,81.0,8888,2.8,5.0,290.0,2.0,C ,1.0
492,jak-pus,11-02-2022,24.6,30.8,27.7,79.0,-,0.3,7.0,320.0,1.0,C ,4.0
493,jak-pus,11-02-2023,25.2,29.4,27.5,85.0,25.8,6.3,4.0,290.0,1.0,C ,3.0
494,jak-pus,11-02-2024,26.6,32.0,28.8,78.0,0,5.2,7.0,300.0,2.0,NW,0.0
495,jak-pus,11-03-2021,23,30.2,26.0,82.0,35.1,5.6,5.0,290.0,1.0,C ,0.0
496,jak-pus,11-03-2022,25.4,32.0,27.5,85.0,-,5.3,10.0,340.0,3.0,C ,5.0
497,jak-pus,11-03-2023,25.8,33.6,28.5,77.0,8888,8.4,4.0,280.0,1.0,C ,5.0
498,jak-pus,11-03-2024,25.4,29.8,27.9,86.0,10.4,0.2,6.0,330.0,1.0,C ,8.0
499,jak-pus,11-04-2021,25.2,31.6,28.1,77.0,0,3.3,3.0,300.0,1.0,C ,0.0
500,jak-pus,11-04-2022,26.4,32.8,28.2,78.0,-,7.0,6.0,320.0,1.0,C ,8.0
501,jak-pus,11-04-2023,24.8,33.8,28.9,75,3,2.9,6.0,315.0,3.0,W ,3.0
502,jak-pus,11-04-2024,26.4,32.4,29.0,80.0,0.7,5.0,4.0,340.0,2.0,C ,17.0
503,jak-pus,11-05-2021,25.6,34.8,29.9,73.0,-,6.5,4.0,340.0,2.0,C ,1.0
504,jak-pus,11-05-2022,25.4,33.2,28.9,80.0,18.2,4.4,5.0,330.0,1.0,C ,7.0
505,jak-pus,11-05-2023,28.1,32.8,29.2,80.0,0,6.2,3.0,110.0,1.0,C ,5.0
506,jak-pus,11-05-2024,28,36.6,31.1,71.0,-,7.0,5.0,360.0,2.0,C ,16.0
507,jak-pus,11-06-2021,26.8,32.0,28.7,79.0,0,4.4,5.0,350.0,1.0,C ,0.0
508,jak-pus,11-06-2022,25,32.4,28.2,84.0,2.5,4.3,5.0,70.0,1.0,C ,7.0
509,jak-pus,11-06-2023,26.6,33.4,29.1,73.0,0,4.0,5.0,310.0,1.0,C ,6.0
510,jak-pus,11-06-2024,27,33.4,28.4,85.0,-,4.2,3.0,310.0,1.0,C ,8.0
511,jak-pus,11-07-2021,26.6,32.0,29.0,77.0,-,3.0,6.0,110.0,2.0,C ,0.0
512,jak-pus,11-07-2022,25.4,32.4,28.7,69.0,0,7,4.0,120.0,1.0,C ,16.0
513,jak-pus,11-07-2023,26.4,33.2,29.1,72.0,0,3.4,4.0,310.0,1.0,C ,1.0
514,jak-pus,11-07-2024,26.2,33.2,28.6,76,0,5.3,3.0,310.0,1.0,C,10.0
515,jak-pus,11-08-2021,24.6,33.2,28.7,74.0,8888,0.4,4.0,330.0,2.0,C ,1.0
516,jak-pus,11-08-2022,26.8,34.2,29.7,71,0,7.0,7.0,340.0,2.0,C ,6.0
517,jak-pus,11-08-2023,26.4,31.5,28.6,74.0,0,6.7,6.0,320.0,2.0,C ,3.0
518,jak-pus,11-08-2024,26.6,31.8,29.1,71.0,0.0,7.2,8.0,340.0,2.0,C,4.0
519,jak-pus,11-09-2021,26.0,32.4,29.1,70.0,0,8,3.0,320.0,1.0,C ,2.0
520,jak-pus,11-09-2022,25,31.6,27.7,81.0,-,0.0,9.0,320.0,2.0,C ,3.0
521,jak-pus,11-09-2023,26.6,33.0,29.1,66.0,0,6.7,5.0,320.0,1.0,C ,1.0
522,jak-pus,11-09-2024,25.0,34.2,29.6,67.0,0.0,1.6,5.0,120.0,1.0,C,2.0
523,jak-pus,11-10-2021,26.8,33.6,29.3,70.0,-,7.0,9.0,320.0,2.0,C ,3.0
524,jak-pus,11-10-2022,26.0,31.8,27.8,80.0,0,3.5,6.0,340.0,1.0,C ,5.0
525,jak-pus,11-10-2023,27.6,33.8,30.1,72.0,-,7.0,5.0,100.0,1.0,C ,3.0
526,jak-pus,11-10-2024,28.2,35.4,31.0,68.0,0.0,7.9,3.0,70.0,1.0,C,0.0
527,jak-pus,11-11-2021,25.0,31.6,28.3,77.0,2,1.1,6.0,260.0,2.0,W ,3.0
528,jak-pus,11-11-2022,26.0,-,28.0,76.0,13.5,0.0,9.0,320.0,2.0,C ,3.0
529,jak-pus,11-11-2023,26.2,33.2,29.3,76.0,4.5,0,4.0,340.0,1.0,C ,3.0
530,jak-pus,11-11-2024,27.2,33.4,28.6,79.0,0.0,3.3,5.0,330.0,1.0,C,0.0
531,jak-pus,11-12-2021,25,30.6,27.9,82.0,1.6,5.7,3.0,280.0,2.0,C ,1.0
532,jak-pus,11-12-2022,25.4,33.4,28.9,70.0,0.2,5.4,7.0,310.0,1.0,C ,4.0
533,jak-pus,11-12-2023,26.8,33.0,30.0,72.0,0,0,7.0,320.0,2.0,C ,1.0
534,jak-pus,11-12-2024,26.4,33.8,29.7,71.0,0.7,0.3,5.0,320.0,1.0,C,5.0
535,jak-pus,12-01-2021,25,30.0,27.3,82.0,-,5,5.0,240.0,2.0,W ,0.0
536,jak-pus,12-01-2022,24.4,31.2,26.7,87.0,27.2,3.4,7.0,320.0,2.0,C ,2.0
537,jak-pus,12-01-2023,-,32.4,29.1,71.0,-,0,3.0,320.0,0.0,C ,5.0
538,jak-pus,12-01-2024,25.0,33.4,28.6,75.0,42,0.8,5.0,240.0,2.0,C ,1.0
539,jak-pus,12-02-2021,25.4,29.6,27.4,82.0,4.2,4.0,5.0,330.0,2.0,NW,0.0
540,jak-pus,12-02-2022,25.4,29.6,27.8,81.0,0.4,0.5,7.0,320.0,2.0,C ,0.0
541,jak-pus,12-02-2023,23.8,28.6,25.0,92.0,40.8,1.5,4.0,270.0,2.0,W ,2.0
542,jak-pus,12-02-2024,26.2,32.6,28.6,81.0,5.8,7.6,10.0,360.0,2.0,C ,3.0
543,jak-pus,12-03-2021,23.4,29.6,27.4,83.0,1,3.3,6.0,340.0,2.0,C ,0.0
544,jak-pus,12-03-2022,25.8,31.8,27.0,89.0,7.5,6.0,3.0,340.0,1.0,C ,9.0
545,jak-pus,12-03-2023,26.6,30.8,28.4,80.0,0,8,4.0,300.0,1.0,C ,4.0
546,jak-pus,12-03-2024,25,31.4,28.8,79.0,16,0.0,3.0,310.0,1.0,C ,12.0
547,jak-pus,12-04-2021,26.0,33.6,28.7,74.0,1.2,3.5,7.0,290.0,2.0,C ,1.0
548,jak-pus,12-04-2022,25.0,32.6,28.6,80.0,30,3.5,7.0,320.0,1.0,C ,11.0
549,jak-pus,12-04-2023,27.0,34.8,29.6,66,8888,5.2,11.0,320.0,2.0,NW,10.0
550,jak-pus,12-04-2024,25.2,32.4,27.7,86.0,39,3.5,5.0,330.0,1.0,C ,15.0
551,jak-pus,12-05-2021,27.2,33.8,30.1,74.0,-,6.5,5.0,150.0,1.0,C ,2.0
552,jak-pus,12-05-2022,26.2,34.0,29.2,76.0,0,5.2,6.0,330.0,2.0,W ,4.0
553,jak-pus,12-05-2023,28,34.6,30.8,72.0,-,1.3,6.0,320.0,1.0,C ,6.0
554,jak-pus,12-05-2024,28,35,31.0,70.0,-,5.5,4.0,140.0,2.0,C ,22.0
555,jak-pus,12-06-2021,25,33.8,28.9,78.0,16,2.5,4.0,40.0,1.0,C ,1.0
556,jak-pus,12-06-2022,25.2,31.4,27.8,81.0,8888,4,4.0,300.0,1.0,C ,5.0
557,jak-pus,12-06-2023,26.2,33.8,30.1,72.0,0,5.6,4.0,100.0,1.0,C ,2.0
558,jak-pus,12-06-2024,26,32.2,28.9,79.0,12.9,3.2,3.0,360.0,0.0,C ,7.0
559,jak-pus,12-07-2021,26.6,33.4,29.3,69.0,0,5.2,4.0,130.0,1.0,C ,1.0
560,jak-pus,12-07-2022,26.4,33.4,29.6,74.0,-,2,4.0,90.0,1.0,C ,10.0
561,jak-pus,12-07-2023,26,32.0,29.1,76.0,-,6.6,5.0,317.0,1.0,C ,3.0
562,jak-pus,12-07-2024,26,33.4,28.8,67,0,6.8,7.0,360.0,2.0,C,6.0
563,jak-pus,12-08-2021,25.2,33.8,29.1,64.0,-,6.5,5.0,30.0,2.0,C ,3.0
564,jak-pus,12-08-2022,27.2,33.4,29.6,76,0,6.5,7.0,330.0,1.0,C ,4.0
565,jak-pus,12-08-2023,25.8,33.6,28.8,66.0,-,5.0,5.0,310.0,1.0,C ,1.0
566,jak-pus,12-08-2024,26.6,33.0,29.0,62.0,0.0,5.4,5.0,320.0,1.0,C,6.0
567,jak-pus,12-09-2021,27.2,31.2,28.8,76.0,0,5,3.0,80.0,1.0,C ,0.0
568,jak-pus,12-09-2022,25,31.6,28.1,80.0,23.4,9.7,9.0,320.0,2.0,C ,1.0
569,jak-pus,12-09-2023,26.2,34.4,29.6,65.0,0,6.0,4.0,120.0,1.0,C ,3.0
570,jak-pus,12-09-2024,26.8,32.8,28.9,74.0,0.0,4.1,6.0,230.0,2.0,C,0.0
571,jak-pus,12-10-2021,26.6,33.0,29.5,68.0,0,5.8,5.0,310.0,1.0,C ,3.0
572,jak-pus,12-10-2022,24.6,32.8,28.3,73.0,17,0.4,8.0,340.0,1.0,C ,3.0
573,jak-pus,12-10-2023,28,35.2,30.2,74.0,0,6.2,4.0,310.0,1.0,C ,0.0
574,jak-pus,12-10-2024,28.0,34.6,30.6,70.0,0.0,8.0,5.0,340.0,1.0,C,2.0
575,jak-pus,12-11-2021,26.6,33.6,28.5,74.0,0,0.0,3.0,320.0,1.0,C ,3.0
576,jak-pus,12-11-2022,25.6,32.4,27.6,81.0,0.6,1.4,5.0,310.0,1.0,C ,1.0
577,jak-pus,12-11-2023,-,34,30.1,71.0,0,0,5.0,320.0,1.0,C ,3.0
578,jak-pus,12-11-2024,25.4,31.8,28.3,80.0,5.6,2.8,3.0,320.0,1.0,C,4.0
579,jak-pus,12-12-2021,-,32.8,29.3,72.0,8888,4.2,7.0,250.0,2.0,W ,4.0
580,jak-pus,12-12-2022,25.0,33.2,28.0,77.0,-,1.2,7.0,317.0,2.0,NW,1.0
581,jak-pus,12-12-2023,28.0,33.2,29.7,71.0,0,7,5.0,340.0,1.0,C ,3.0
582,jak-pus,12-12-2024,25.0,34.4,29.7,69.0,1.0,2.4,6.0,250.0,2.0,W,1.0
583,jak-pus,13-01-2021,25.6,29.0,27.2,83.0,13.2,0.3,5.0,290.0,2.0,C ,1.0
584,jak-pus,13-01-2022,24.6,30.8,27.2,84.0,15.6,5.0,6.0,340.0,1.0,C ,6.0
585,jak-pus,13-01-2023,25,32.6,29.2,74.0,-,8.3,5.0,320.0,1.0,C ,4.0
586,jak-pus,13-01-2024,26.2,32.4,28.4,80.0,0,3.0,4.0,310.0,1.0,C ,4.0
587,jak-pus,13-02-2021,25.2,31.0,27.9,79.0,0.8,3.0,6.0,340.0,2.0,C ,0.0
588,jak-pus,13-02-2022,26.2,29.4,27.2,85.0,0,0.0,6.0,320.0,1.0,C ,2.0
589,jak-pus,13-02-2023,24.2,30.8,27.6,78.0,1.8,0.0,10.0,320.0,1.0,C ,4.0
590,jak-pus,13-02-2024,26.0,31.2,28.6,80.0,3,5.0,8.0,320.0,2.0,C ,4.0
591,jak-pus,13-03-2021,25.8,32.8,28.7,74.0,0.1,2.1,6.0,330.0,2.0,C ,1.0
592,jak-pus,13-03-2022,26.2,31.4,28.0,85.0,34.5,4.0,8.0,310.0,2.0,C ,6.0
593,jak-pus,13-03-2023,25.6,32.2,28.4,72.0,-,2.6,8.0,315.0,2.0,C ,5.0
594,jak-pus,13-03-2024,26.4,31.6,28.2,84.0,4.3,3.0,7.0,330.0,2.0,C ,12.0
595,jak-pus,13-04-2021,25.0,32.8,28.0,80.0,25.5,5.8,5.0,310.0,1.0,C ,2.0
596,jak-pus,13-04-2022,26.4,31.6,28.8,80.0,1.7,4.1,3.0,340.0,1.0,C ,5.0
597,jak-pus,13-04-2023,26.6,33.6,29.4,73,0,5.5,3.0,316.0,1.0,C ,5.0
598,jak-pus,13-04-2024,26,32.8,29.5,79.0,1,3.7,3.0,120.0,2.0,C ,19.0
599,jak-pus,13-05-2021,27.2,33.6,29.6,76.0,0,6.6,3.0,350.0,2.0,C ,3.0
600,jak-pus,13-05-2022,26.6,33.6,29.3,78.0,15.8,4.2,6.0,350.0,1.0,C ,11.0
601,jak-pus,13-05-2023,27,33.8,29.0,82.0,-,7.0,5.0,310.0,1.0,C ,3.0
602,jak-pus,13-05-2024,28,34.8,30.9,72.0,0,5.7,4.0,360.0,1.0,C ,26.0
603,jak-pus,13-06-2021,25.4,33.6,29.5,76.0,1,6,5.0,150.0,2.0,C ,4.0
604,jak-pus,13-06-2022,25.8,31.2,27.8,76.0,0,5.4,4.0,320.0,1.0,C ,5.0
605,jak-pus,13-06-2023,26.8,34.4,30.1,74.0,0,3.4,2.0,100.0,1.0,C ,4.0
606,jak-pus,13-06-2024,26,32.6,29,78.0,0,3.0,3.0,360.0,1.0,C ,8.0
607,jak-pus,13-07-2021,24,31.0,27.5,78.0,0,6.6,7.0,290.0,2.0,C ,1.0
608,jak-pus,13-07-2022,25,32.0,28.6,78.0,-,1.5,5.0,330.0,2.0,C ,9.0
609,jak-pus,13-07-2023,26.8,32.6,28.9,72.0,0,6.3,6.0,320.0,1.0,C ,6.0
610,jak-pus,13-07-2024,24,32.8,28.3,67,0,5.5,3.0,10.0,1.0,C,7.0
611,jak-pus,13-08-2021,25.6,30.4,28.2,76.0,0,7.0,6.0,330.0,1.0,C ,1.0
612,jak-pus,13-08-2022,26.0,32.6,29.3,72,-,6.4,6.0,290.0,1.0,C ,3.0
613,jak-pus,13-08-2023,25.6,32.4,28.2,70.0,0,7.0,4.0,180.0,1.0,C ,2.0
614,jak-pus,13-08-2024,24.8,34.8,29.0,61.0,0.0,5.3,3.0,130.0,1.0,C,4.0
615,jak-pus,13-09-2021,26.4,33.2,29.3,73.0,-,1.6,5.0,150.0,2.0,C ,4.0
616,jak-pus,13-09-2022,25.8,31.6,28.5,78.0,0,6.5,6.0,330.0,1.0,C ,3.0
617,jak-pus,13-09-2023,26.6,33.0,29.5,67.0,-,8.0,4.0,290.0,0.0,C ,0.0
618,jak-pus,13-09-2024,24.0,32.4,27.6,79.0,48.7,4.9,7.0,90.0,1.0,C,2.0
619,jak-pus,13-10-2021,27.4,33.4,30.1,68.0,0,8.0,5.0,330.0,1.0,C ,0.0
620,jak-pus,13-10-2022,25.0,31.6,27.4,80.0,-,7.5,7.0,300.0,1.0,C ,2.0
621,jak-pus,13-10-2023,28,35.0,30.1,74.0,0,7.6,9.0,320.0,2.0,C ,3.0
622,jak-pus,13-10-2024,26.0,31.4,29.5,77.0,0.0,2.6,5.0,340.0,1.0,C,3.0
623,jak-pus,13-11-2021,24.8,31.6,27.5,85.0,26.4,1.5,3.0,200.0,1.0,C ,4.0
624,jak-pus,13-11-2022,25.0,30.6,27.2,83.0,8888,5.2,5.0,310.0,1.0,C ,6.0
625,jak-pus,13-11-2023,26,35.6,31.2,67.0,-,0,3.0,240.0,1.0,C ,2.0
626,jak-pus,13-11-2024,26.4,34.8,29.6,74.0,1.2,2.4,5.0,310.0,1.0,C,5.0
627,jak-pus,13-12-2021,25,32,29.6,74.0,-,4.0,5.0,340.0,2.0,C ,2.0
628,jak-pus,13-12-2022,25.6,32.4,28.5,69.0,2,6.0,9.0,320.0,2.0,NW,8.0
629,jak-pus,13-12-2023,26.4,33.0,30.1,70.0,0,3.8,9.0,320.0,2.0,C ,2.0
630,jak-pus,13-12-2024,27.2,32.4,30.1,68.0,0.0,4.0,4.0,320.0,1.0,C,5.0
631,jak-pus,14-01-2021,26,29.4,27.4,81.0,0.2,1,8.0,300.0,2.0,C ,1.0
632,jak-pus,14-01-2022,24.0,31.4,26.5,88.0,13,0.0,4.0,360.0,1.0,C ,4.0
633,jak-pus,14-01-2023,26.8,32.0,29.2,72.0,8888,4.5,3.0,300.0,1.0,C ,0.0
634,jak-pus,14-01-2024,26.2,32.4,29.5,76.0,2.4,0.4,7.0,330.0,2.0,C ,2.0
635,jak-pus,14-02-2021,26,29.2,27.3,88.0,22.3,4.2,3.0,270.0,1.0,C ,0.0
636,jak-pus,14-02-2022,25.2,30.6,26.5,86.0,8888,0.2,6.0,260.0,1.0,C ,4.0
637,jak-pus,14-02-2023,24,30.8,27.3,79.0,5.4,0.9,7.0,316.0,2.0,NW,1.0
638,jak-pus,14-02-2024,24.4,30.0,27.6,85.0,140.9,6.8,3.0,310.0,0.0,C ,3.0
639,jak-pus,14-03-2021,25,30.8,26.9,79.0,2.6,5.0,4.0,250.0,1.0,C ,0.0
640,jak-pus,14-03-2022,26.4,33.6,28.7,80.0,2.6,4.5,7.0,320.0,1.0,C ,8.0
641,jak-pus,14-03-2023,24.2,31.8,27.2,82.0,-,7.6,7.0,320.0,1.0,C ,2.0
642,jak-pus,14-03-2024,26.6,29.6,27.2,86.0,24,1.2,6.0,320.0,1.0,C ,17.0
643,jak-pus,14-04-2021,25.6,31.8,28.0,81.0,8888,6.0,7.0,340.0,1.0,C ,4.0
644,jak-pus,14-04-2022,25.4,32.4,28.7,79.0,0.4,3.5,7.0,340.0,1.0,C ,12.0
645,jak-pus,14-04-2023,26.5,33.4,28.3,79,0,3.4,9.0,320.0,2.0,C ,4.0
646,jak-pus,14-04-2024,26.8,33.4,28.9,80.0,8888,7.5,4.0,10.0,1.0,C ,11.0
647,jak-pus,14-05-2021,26.8,34.4,29.8,71.0,-,5.6,5.0,250.0,2.0,C ,6.0
648,jak-pus,14-05-2022,26.0,32.6,29.2,81.0,13,6.8,7.0,320.0,1.0,C ,11.0
649,jak-pus,14-05-2023,26.2,33.2,29.5,69.0,20,6.5,3.0,220.0,1.0,C ,8.0
650,jak-pus,14-05-2024,28,32.4,28.5,84.0,0,6.0,4.0,360.0,1.0,C ,18.0
651,jak-pus,14-06-2021,27,31.8,28.7,78.0,8888,6.3,3.0,100.0,1.0,C ,2.0
652,jak-pus,14-06-2022,25.8,31.6,28.7,74.0,-,1.5,4.0,340.0,1.0,C ,4.0
653,jak-pus,14-06-2023,26,33.2,29.7,75.0,-,2.5,3.0,60.0,0.0,C ,1.0
654,jak-pus,14-06-2024,-,33.6,29.7,75.0,8888,1.0,7.0,360.0,2.0,C ,8.0
655,jak-pus,14-07-2021,25,31.6,28.1,75.0,-,0.0,5.0,350.0,1.0,C ,0.0
656,jak-pus,14-07-2022,26,32.8,29.0,76.0,8888,1,5.0,90.0,2.0,C ,7.0
657,jak-pus,14-07-2023,26.4,32.6,29.0,72.0,-,4.5,2.0,320.0,1.0,C ,3.0
658,jak-pus,14-07-2024,25,32.0,28,66,0,6.5,3.0,80.0,1.0,C,1.0
659,jak-pus,14-08-2021,26.2,33.6,29.1,72.0,0,2.0,5.0,250.0,2.0,C ,0.0
660,jak-pus,14-08-2022,25.0,33.8,29.2,76,-,3.6,5.0,30.0,2.0,C ,2.0
661,jak-pus,14-08-2023,25.8,32.8,28.4,72.0,0,6.7,4.0,160.0,2.0,C ,1.0
662,jak-pus,14-08-2024,25.0,34.4,29.3,68.0,0.0,7.3,2.0,110.0,1.0,E,5.0
663,jak-pus,14-09-2021,24.8,27.6,25.8,89.0,36.7,5.5,4.0,260.0,1.0,C ,2.0
664,jak-pus,14-09-2022,25.4,32.6,28.9,69.0,-,4.2,6.0,320.0,1.0,C ,3.0
665,jak-pus,14-09-2023,25,33.6,29.2,64.0,-,7.0,7.0,330.0,1.0,C ,1.0
666,jak-pus,14-09-2024,25.0,33.6,28.9,66.0,0.0,5.8,7.0,340.0,1.0,C,3.0
667,jak-pus,14-10-2021,25.8,33.2,29.5,72.0,-,7.0,8.0,330.0,2.0,C ,4.0
668,jak-pus,14-10-2022,24.6,32.4,28.9,70.0,21,4.7,8.0,320.0,2.0,C ,2.0
669,jak-pus,14-10-2023,28,33.6,30.3,65.0,0,7.0,7.0,320.0,2.0,C ,1.0
670,jak-pus,14-10-2024,27.2,32.4,29.6,73.0,0.0,0.4,4.0,340.0,1.0,C,3.0
671,jak-pus,14-11-2021,25.4,34.6,29.4,76.0,30.3,1.7,5.0,250.0,1.0,C ,0.0
672,jak-pus,14-11-2022,24.2,32.8,28.3,78.0,-,0.0,7.0,317.0,1.0,C ,4.0
673,jak-pus,14-11-2023,28,34.4,29.7,76.0,8888,8,5.0,320.0,1.0,C ,1.0
674,jak-pus,14-11-2024,26.0,34.6,30.0,76.0,0.0,4.6,5.0,320.0,1.0,C,1.0
675,jak-pus,14-12-2021,26.8,31.6,28.6,82.0,-,7.0,8.0,340.0,2.0,C ,8.0
676,jak-pus,14-12-2022,26.8,32.0,28.1,77.0,0,3.7,4.0,316.0,1.0,C ,7.0
677,jak-pus,14-12-2023,26.8,33.8,30.6,69.0,0,6.8,7.0,320.0,2.0,C ,1.0
678,jak-pus,14-12-2024,27.0,32.2,28.4,75.0,0.0,3.1,7.0,220.0,2.0,W,5.0
679,jak-pus,15-01-2021,25,29.8,27.9,79.0,8888,0,5.0,300.0,2.0,C ,1.0
680,jak-pus,15-01-2022,24.6,29.4,26.7,86.0,4,0.6,5.0,340.0,1.0,C ,2.0
681,jak-pus,15-01-2023,26.4,34.8,29.8,69.0,0,6.4,4.0,260.0,2.0,NW,3.0
682,jak-pus,15-01-2024,26.0,31.4,29.4,74.0,-,3.9,6.0,340.0,2.0,NW,5.0
683,jak-pus,15-02-2021,25.2,30.6,27.4,86.0,11.8,1.2,7.0,340.0,2.0,C ,0.0
684,jak-pus,15-02-2022,24.2,32.6,27.1,88.0,23.5,0.1,5.0,300.0,1.0,C ,3.0
685,jak-pus,15-02-2023,25.8,31.0,28.1,74.0,8888,0.9,5.0,320.0,1.0,C ,11.0
686,jak-pus,15-02-2024,25.6,31.4,28.5,85.0,3,2.1,5.0,300.0,1.0,C ,5.0
687,jak-pus,15-03-2021,25,30.2,27.6,84.0,5.2,4.8,4.0,250.0,1.0,C ,0.0
688,jak-pus,15-03-2022,-,30.2,27.5,85.0,2.5,6.0,3.0,100.0,1.0,C ,11.0
689,jak-pus,15-03-2023,24.4,28.4,25.5,90.0,11,0,4.0,320.0,1.0,C ,7.0
690,jak-pus,15-03-2024,24.6,30.8,27.4,83.0,31.8,0.0,5.0,270.0,1.0,C ,20.0
691,jak-pus,15-04-2021,25.0,31.8,27.3,82.0,3.4,5.6,3.0,320.0,1.0,C ,1.0
692,jak-pus,15-04-2022,26.0,34.0,29.9,81.0,-,6.0,5.0,320.0,1.0,C ,9.0
693,jak-pus,15-04-2023,25.0,32.0,28.3,81,66.6,5.8,6.0,310.0,1.0,C ,3.0
694,jak-pus,15-04-2024,-,33.6,30.1,75.0,1,5.5,3.0,60.0,1.0,C ,15.0
695,jak-pus,15-05-2021,26,33.4,29.8,72.0,-,5.5,3.0,70.0,1.0,C ,1.0
696,jak-pus,15-05-2022,26.8,34.2,29.0,82.0,0,1.5,3.0,340.0,1.0,C ,6.0
697,jak-pus,15-05-2023,26.2,32.4,28.7,72.0,0,6.0,6.0,314.0,1.0,C ,4.0
698,jak-pus,15-05-2024,27,34,30.7,71.0,28.5,0.0,4.0,360.0,1.0,C ,18.0
699,jak-pus,15-06-2021,26.2,32.5,28.1,78.0,0.4,2.5,5.0,290.0,2.0,C ,1.0
700,jak-pus,15-06-2022,25,30.6,27.5,82.0,-,1.3,0.0,0.0,0.0,C ,6.0
701,jak-pus,15-06-2023,27,33.4,29.5,74.0,0,2.4,4.0,320.0,1.0,C ,4.0
702,jak-pus,15-06-2024,26,33.2,28.9,78.0,-,6.8,5.0,340.0,2.0,NW,6.0
703,jak-pus,15-07-2021,25.6,32.0,28.3,75.0,8888,1.4,7.0,320.0,1.0,C ,0.0
704,jak-pus,15-07-2022,26.4,32.8,29.3,76.0,-,6,4.0,100.0,1.0,C ,11.0
705,jak-pus,15-07-2023,26,32.6,28.9,73.0,0,4,8.0,320.0,2.0,C ,2.0
706,jak-pus,15-07-2024,24.2,32.8,27.4,68,0,7,4.0,330.0,1.0,C,2.0
707,jak-pus,15-08-2021,25.8,34.4,29.6,68.0,-,6.3,5.0,80.0,2.0,C ,0.0
708,jak-pus,15-08-2022,26.8,32.2,29.0,76,0,6.7,6.0,320.0,1.0,C ,3.0
709,jak-pus,15-08-2023,26,32.2,28.4,74.0,0,7.0,3.0,40.0,1.0,C ,3.0
710,jak-pus,15-08-2024,26.2,33.4,29.2,69.0,0.0,7.3,6.0,320.0,1.0,C,1.0
711,jak-pus,15-09-2021,24.0,31.8,28.0,82.0,5.7,0,7.0,340.0,2.0,C ,0.0
712,jak-pus,15-09-2022,25,33.2,28.6,72.0,-,2.0,6.0,320.0,1.0,C ,2.0
713,jak-pus,15-09-2023,26,34.2,29.5,65.0,0,8.2,3.0,40.0,1.0,C ,2.0
714,jak-pus,15-09-2024,25.0,33.6,28.8,69.0,0.0,5.0,4.0,340.0,1.0,C,1.0
715,jak-pus,15-10-2021,27.8,34.2,30.2,71.0,0,2.7,5.0,330.0,1.0,C ,1.0
716,jak-pus,15-10-2022,26.6,31.8,27.8,82.0,0,7.5,3.0,320.0,0.0,C ,5.0
717,jak-pus,15-10-2023,27.4,36.0,30.8,61.0,-,6.0,5.0,60.0,1.0,C ,2.0
718,jak-pus,15-10-2024,27.0,33.2,28.9,73.0,2.2,2.5,3.0,240.0,1.0,C,1.0
719,jak-pus,15-11-2021,26.0,29.6,27.7,80.0,1,3.0,4.0,270.0,2.0,W ,4.0
720,jak-pus,15-11-2022,24.8,32.4,29.0,73.0,0.5,2.9,5.0,320.0,1.0,C ,7.0
721,jak-pus,15-11-2023,25.2,33.4,29.6,74.0,39,0,4.0,320.0,1.0,C ,5.0
722,jak-pus,15-11-2024,27.2,34.4,30.0,73.0,0.0,5.0,4.0,10.0,1.0,C,3.0
723,jak-pus,15-12-2021,26.8,31.4,28.5,78.0,7.4,0.3,4.0,250.0,1.0,C ,1.0
724,jak-pus,15-12-2022,26.6,34.8,30.3,65.0,-,2.0,5.0,316.0,1.0,C ,5.0
725,jak-pus,15-12-2023,25.0,33.4,30.4,65.0,-,7.6,4.0,330.0,1.0,C ,3.0
726,jak-pus,15-12-2024,27.2,32.8,28.3,78.0,0.0,0.2,3.0,300.0,1.0,C,2.0
727,jak-pus,16-01-2021,25.6,34.2,29.2,70.0,-,0.4,10.0,260.0,2.0,W ,1.0
728,jak-pus,16-01-2022,25.0,29.0,27.4,87.0,0,0.4,6.0,320.0,2.0,C ,4.0
729,jak-pus,16-01-2023,26.4,32.4,28.9,70.0,-,6.5,4.0,320.0,1.0,C ,3.0
730,jak-pus,16-01-2024,27.2,34.6,30.2,69.0,0,3.2,9.0,320.0,2.0,W ,3.0
731,jak-pus,16-02-2021,24.2,28.2,25.5,95.0,59,4.1,3.0,330.0,1.0,C ,0.0
732,jak-pus,16-02-2022,25.0,32.6,28.4,77.0,2.4,2.2,5.0,340.0,1.0,C ,6.0
733,jak-pus,16-02-2023,26.2,31.2,27.1,82.0,9.5,1.8,3.0,316.0,1.0,C ,2.0
734,jak-pus,16-02-2024,26.4,30.0,28.1,85.0,7.5,0.8,8.0,320.0,2.0,C ,9.0
735,jak-pus,16-03-2021,25,32.2,27.8,82.0,-,0.0,5.0,310.0,1.0,C ,2.0
736,jak-pus,16-03-2022,25.2,33.4,28.7,77.0,6.2,0.0,5.0,330.0,1.0,C ,5.0
737,jak-pus,16-03-2023,24.4,31.2,27.4,82.0,2.4,0,5.0,320.0,1.0,C ,7.0
738,jak-pus,16-03-2024,24,30,26,91.0,6.5,0.0,2.0,330.0,1.0,C ,18.0
739,jak-pus,16-04-2021,25.4,31.8,28.3,78.0,2.7,5.5,5.0,230.0,1.0,C ,3.0
740,jak-pus,16-04-2022,25.0,32.8,29.2,75.0,-,7.4,5.0,310.0,1.0,C ,7.0
741,jak-pus,16-04-2023,25.8,33.4,28.9,80,2,6.8,3.0,270.0,1.0,C ,2.0
742,jak-pus,16-04-2024,26.4,34.6,30.9,74.0,-,4.5,4.0,150.0,1.0,C ,26.0
743,jak-pus,16-05-2021,27.6,33.4,30.1,72.0,0,6.8,3.0,300.0,1.0,C ,2.0
744,jak-pus,16-05-2022,26.0,33.8,28.6,78.0,6.5,6.0,6.0,330.0,1.0,C ,8.0
745,jak-pus,16-05-2023,26.8,33.6,29.7,70.0,0,6.6,4.0,315.0,0.0,C ,5.0
746,jak-pus,16-05-2024,-,34.2,30.4,73.0,-,4.5,5.0,360.0,1.0,C ,23.0
747,jak-pus,16-06-2021,25,31.2,28.1,80.0,-,2,3.0,80.0,1.0,C ,3.0
748,jak-pus,16-06-2022,24.6,29.8,26.7,86.0,4,0,2.0,80.0,0.0,C ,3.0
749,jak-pus,16-06-2023,25.4,32.2,26.2,94.0,0,2.0,2.0,140.0,0.0,C ,3.0
750,jak-pus,16-06-2024,24.2,30.4,28.2,82.0,65.6,3.0,3.0,310.0,1.0,C ,7.0
751,jak-pus,16-07-2021,25.8,33.0,28.7,68.0,0,4.6,3.0,140.0,1.0,C ,1.0
752,jak-pus,16-07-2022,23.6,30.0,25.7,84.0,36,7,3.0,290.0,1.0,C ,1.0
753,jak-pus,16-07-2023,25.6,32.8,28.9,74.0,0,5,4.0,320.0,1.0,C ,5.0
754,jak-pus,16-07-2024,24.2,34.6,28.6,66,0,7,5.0,350.0,1.0,C,4.0
755,jak-pus,16-08-2021,26.4,33.6,29.4,67.0,-,6.4,5.0,80.0,2.0,C ,0.0
756,jak-pus,16-08-2022,27.0,32.4,28.9,74,8888,2.5,5.0,260.0,1.0,C ,4.0
757,jak-pus,16-08-2023,26.4,33.6,28.8,72.0,-,7.0,4.0,320.0,1.0,C ,1.0
758,jak-pus,16-08-2024,27.0,33.4,29.0,69.0,0.0,6.5,4.0,290.0,1.0,C,6.0
759,jak-pus,16-09-2021,25.0,33.6,29.2,77.0,-,5.6,5.0,350.0,2.0,C ,2.0
760,jak-pus,16-09-2022,26.4,33.2,29.4,66.0,0,6.2,8.0,340.0,1.0,C ,2.0
761,jak-pus,16-09-2023,26.4,33.4,29.3,68.0,0,9.0,4.0,310.0,1.0,C ,0.0
762,jak-pus,16-09-2024,26.2,33.6,29.0,67.0,0.0,7.9,5.0,310.0,2.0,C,1.0
763,jak-pus,16-10-2021,26.8,33.6,30.1,70.0,-,5.0,5.0,340.0,2.0,C ,1.0
764,jak-pus,16-10-2022,25.8,31.6,27.8,82.0,12.2,2.5,4.0,310.0,1.0,C ,1.0
765,jak-pus,16-10-2023,27.6,35.0,30.1,69.0,0,5.7,8.0,320.0,1.0,C ,2.0
766,jak-pus,16-10-2024,26.8,34.6,30.0,72.0,0.0,3.0,4.0,330.0,1.0,C,0.0
767,jak-pus,16-11-2021,26.6,33.6,29.8,67.0,8888,0.0,4.0,270.0,1.0,C ,1.0
768,jak-pus,16-11-2022,27.0,-,28.7,76.0,0,3.0,7.0,317.0,2.0,NW,3.0
769,jak-pus,16-11-2023,26.2,34.2,29.7,74.0,-,4.2,6.0,320.0,2.0,C ,2.0
770,jak-pus,16-11-2024,27.8,32.4,28.6,84.0,1.0,3.5,4.0,320.0,1.0,C,0.0
771,jak-pus,16-12-2021,26.8,32.6,28.1,82.0,8888,2.0,5.0,330.0,1.0,C ,1.0
772,jak-pus,16-12-2022,25.0,32.0,28.4,73.0,-,6.0,6.0,320.0,1.0,C ,3.0
773,jak-pus,16-12-2023,26.4,33.6,30.3,64.0,0,5.2,5.0,310.0,2.0,C ,1.0
774,jak-pus,16-12-2024,25.2,31.0,28.4,79.0,18.5,0.3,4.0,220.0,1.0,C,4.0
775,jak-pus,17-01-2021,25.6,30.4,27.9,82.0,0,5.5,6.0,310.0,2.0,NW,0.0
776,jak-pus,17-01-2022,25.2,30.8,28.1,82.0,12.8,0.0,6.0,330.0,1.0,C ,8.0
777,jak-pus,17-01-2023,26,29.4,27.6,77.0,-,1.2,5.0,290.0,1.0,C ,5.0
778,jak-pus,17-01-2024,27.2,32.0,28.4,80.0,-,5.6,4.0,320.0,1.0,C ,1.0
779,jak-pus,17-02-2021,23.8,29.0,26.0,85.0,72.8,0.0,5.0,340.0,1.0,C ,1.0
780,jak-pus,17-02-2022,24.8,31.0,27.3,85.0,47.5,7.8,4.0,310.0,1.0,C ,6.0
781,jak-pus,17-02-2023,25,29.8,27.0,81.0,31,1.8,4.0,320.0,1.0,C ,7.0
782,jak-pus,17-02-2024,25.0,31.0,28.3,82.0,18.4,0.2,4.0,300.0,1.0,C ,5.0
783,jak-pus,17-03-2021,24.8,32.0,28.1,76.0,13.6,4.0,8.0,320.0,2.0,C ,0.0
785,jak-pus,17-03-2022,25.6,32.0,28.7,84.0,0.2,6.2,7.0,330.0,1.0,C ,9.0
786,jak-pus,17-03-2023,25.2,32.4,28.6,75.0,-,8,9.0,310.0,2.0,C ,5.0
787,jak-pus,17-03-2024,-,29,27,85.0,19,1.0,4.0,230.0,2.0,W ,15.0
788,jak-pus,17-04-2021,26.0,31.4,27.6,84.0,-,6.8,5.0,320.0,1.0,C ,0.0
789,jak-pus,17-04-2022,26.6,33.2,29.7,77.0,0.6,7.5,3.0,340.0,1.0,C ,9.0
790,jak-pus,17-04-2023,26.8,33.4,29.3,76,12,5.5,3.0,250.0,1.0,C ,6.0
791,jak-pus,17-04-2024,26,33.4,28.8,81.0,-,3.5,8.0,330.0,2.0,C ,28.0
792,jak-pus,17-05-2021,28,33.0,29.8,75.0,0,6.4,7.0,320.0,2.0,C ,3.0
793,jak-pus,17-05-2022,26.6,33.2,29.5,78.0,8888,5.7,6.0,340.0,1.0,C ,15.0
794,jak-pus,17-05-2023,27,33.6,29.6,71.0,0,7.5,5.0,320.0,1.0,C ,4.0
795,jak-pus,17-05-2024,-,34.6,30.4,70.0,-,5.5,3.0,70.0,1.0,C ,16.0
796,jak-pus,17-06-2021,25.4,30.8,27.8,83.0,1.4,2,4.0,310.0,1.0,C ,3.0
797,jak-pus,17-06-2022,24.8,29.0,27.1,86.0,0,1,2.0,40.0,0.0,C ,10.0
798,jak-pus,17-06-2023,24.6,32.0,27.9,81.0,29.3,0.0,4.0,310.0,1.0,C ,4.0
799,jak-pus,17-06-2024,25,32.4,29.7,75.0,0,1.7,5.0,320.0,2.0,C ,10.0
800,jak-pus,17-07-2021,26,34.0,29.2,69.0,0,5.5,4.0,330.0,1.0,C ,0.0
802,jak-pus,17-07-2022,23,31.4,27.9,79.0,11.8,1,6.0,70.0,1.0,C ,7.0
803,jak-pus,17-07-2023,26.6,33.4,29.3,68.0,0,5.6,3.0,80.0,1.0,C ,3.0
804,jak-pus,17-07-2024,24,33.2,28.5,72,0,7,4.0,50.0,2.0,E,7.0
805,jak-pus,17-08-2021,27,32.6,29.3,71.0,0,7.5,6.0,350.0,1.0,C ,0.0
806,jak-pus,17-08-2022,25.4,32.6,28.6,79,6.4,2.6,6.0,120.0,1.0,C ,3.0
807,jak-pus,17-08-2023,25,32.4,28.2,70.0,-,5.5,7.0,350.0,1.0,C ,1.0
808,jak-pus,17-08-2024,27.0,33.2,29.4,69.0,0.0,4.5,5.0,320.0,1.0,C,2.0
809,jak-pus,17-09-2021,26.6,34.2,29.7,72.0,0,9.7,4.0,140.0,2.0,C ,2.0
810,jak-pus,17-09-2022,26.2,32.4,29.2,73.0,0,4.2,4.0,330.0,1.0,C ,4.0
811,jak-pus,17-09-2023,26.6,33.0,29.1,70.0,0,8.0,6.0,340.0,1.0,C ,3.0
812,jak-pus,17-09-2024,26.8,33.6,28.8,65.0,0.0,6.5,4.0,310.0,2.0,NW,1.0
813,jak-pus,17-10-2021,26,33.8,30.4,72.0,-,5.7,3.0,310.0,1.0,C ,1.0
814,jak-pus,17-10-2022,25.8,32.4,28.6,80.0,-,3.1,2.0,310.0,0.0,C ,1.0
815,jak-pus,17-10-2023,28,36.6,31.8,60.0,0,8.0,9.0,100.0,2.0,C ,4.0
816,jak-pus,17-10-2024,25.0,34.0,29.1,62.0,0.0,7.3,5.0,330.0,1.0,C,1.0
817,jak-pus,17-11-2021,26.4,34.0,30.0,71.0,2.4,3.0,4.0,250.0,1.0,C ,2.0
818,jak-pus,17-11-2022,24.8,28,26.1,89.0,42.4,4.2,6.0,320.0,1.0,C ,2.0
819,jak-pus,17-11-2023,26,33.4,29.8,75.0,11,7.6,4.0,20.0,1.0,C ,1.0
820,jak-pus,17-11-2024,26.2,33.6,29.6,78.0,7.2,1.2,5.0,310.0,1.0,C,3.0
821,jak-pus,17-12-2021,25.4,32.4,28.4,77.0,8888,2.4,5.0,350.0,1.0,C ,1.0
822,jak-pus,17-12-2022,25.4,32.2,28.3,80.0,1.5,1.2,4.0,310.0,1.0,C ,3.0
823,jak-pus,17-12-2023,26.4,34.8,30.6,65.0,0,7.7,5.0,330.0,2.0,W ,0.0
824,jak-pus,17-12-2024,25.4,32.2,28.3,82.0,6.5,0.5,3.0,180.0,1.0,C,0.0
825,jak-pus,18-01-2021,26.2,28.8,26.8,86.0,1.8,2.2,7.0,250.0,2.0,C ,0.0
826,jak-pus,18-01-2022,25.2,29.0,26.3,92.0,8.1,4.0,6.0,320.0,2.0,NW,4.0
827,jak-pus,18-01-2023,26.2,31.6,27.7,78.0,0,0,7.0,317.0,1.0,C ,6.0
828,jak-pus,18-01-2024,25.0,32.6,28.2,79.0,1.5,1.0,7.0,260.0,2.0,W ,4.0
829,jak-pus,18-02-2021,24.4,30.0,25.8,86.0,0,0.0,5.0,310.0,2.0,C ,2.0
830,jak-pus,18-02-2022,25.0,30.0,27.4,88.0,0.8,5.0,3.0,0.0,0.0,C ,2.0
831,jak-pus,18-02-2023,25.4,30.4,27.6,83.0,2.5,0.2,7.0,320.0,2.0,C ,5.0
832,jak-pus,18-02-2024,26.0,30.4,28.6,80.0,0,3.0,7.0,340.0,2.0,C ,3.0
833,jak-pus,18-03-2021,26.4,32.0,29.0,74.0,0,8.2,4.0,300.0,1.0,C ,2.0
834,jak-pus,18-03-2022,26.4,33.6,29.2,79.0,0.4,4.1,4.0,270.0,1.0,C ,8.0
835,jak-pus,18-03-2023,23.8,32.6,28.3,78.0,-,9.1,3.0,317.0,1.0,C ,7.0
836,jak-pus,18-03-2024,25.6,32.4,29,77.0,21.7,2.1,6.0,320.0,2.0,C ,18.0
837,jak-pus,18-04-2021,25.8,31.8,28.6,78.0,27.7,2.5,5.0,320.0,1.0,C ,3.0
838,jak-pus,18-04-2022,26.2,33.6,29.4,80.0,16,7.5,6.0,330.0,1.0,C ,3.0
839,jak-pus,18-04-2023,26.0,33.4,29.1,81,13.2,7.2,3.0,320.0,1.0,C ,2.0
840,jak-pus,18-04-2024,25.4,33.4,29.6,75.0,27.2,3.6,8.0,320.0,2.0,C ,29.0
841,jak-pus,18-05-2021,23.4,31.6,27.3,82.0,92.2,2.4,4.0,290.0,1.0,C ,2.0
842,jak-pus,18-05-2022,26.0,33.8,28.7,80.0,-,3.0,6.0,320.0,1.0,C ,9.0
843,jak-pus,18-05-2023,27.6,32.0,29.2,73.0,0,6.2,3.0,320.0,0.0,C ,1.0
844,jak-pus,18-05-2024,27.4,34.8,30.6,69.0,-,4.5,4.0,350.0,1.0,C ,20.0
845,jak-pus,18-06-2021,26,30.4,27.4,84.0,0.2,0.3,3.0,130.0,1.0,C ,2.0
846,jak-pus,18-06-2022,24.6,30.6,27.3,82.0,8888,0.2,4.0,330.0,1.0,C ,2.0
847,jak-pus,18-06-2023,25.4,32.0,28.7,80.0,0,1.5,4.0,320.0,1.0,C ,2.0
848,jak-pus,18-06-2024,27.2,32.6,29.3,77.0,0,6.7,8.0,360.0,2.0,C ,10.0
849,jak-pus,18-07-2021,24,32.6,28.6,72.0,-,6.5,5.0,330.0,1.0,C ,0.0
850,jak-pus,18-07-2022,25.4,32.6,28.2,78.0,0,0.7,5.0,320.0,1.0,C ,11.0
851,jak-pus,18-07-2023,25.8,33.2,28.8,67.0,0,5,3.0,315.0,1.0,C ,5.0
852,jak-pus,18-07-2024,26,33.0,29.5,69,0,6.5,4.0,360.0,2.0,C,3.0
853,jak-pus,18-08-2021,27,32.0,28.8,73.0,0,5.2,7.0,300.0,2.0,C ,1.0
854,jak-pus,18-08-2022,25.0,33.6,29.4,70,-,4.0,5.0,50.0,1.0,C ,6.0
855,jak-pus,18-08-2023,25.8,32.4,28.2,71.0,0,7.2,10.0,320.0,2.0,C ,7.0
856,jak-pus,18-08-2024,25.0,33.6,29.0,72.0,0.0,4.0,4.0,330.0,1.0,C,0.0
857,jak-pus,18-09-2021,26.8,35.0,30.5,63.0,-,8,3.0,120.0,1.0,C ,4.0
859,jak-pus,18-09-2022,26.8,31.8,28.9,77.0,-,6.0,5.0,320.0,1.0,C ,1.0
860,jak-pus,18-09-2023,26.8,32.4,29.0,73.0,0,7.4,9.0,330.0,1.0,C ,4.0
861,jak-pus,18-09-2024,26.0,33.2,28.3,67.0,0.0,5.0,8.0,320.0,2.0,C,3.0
862,jak-pus,18-10-2021,25.2,28.4,26.0,90.0,55.3,8.0,2.0,110.0,0.0,C ,0.0
863,jak-pus,18-10-2022,26.6,30.6,28.0,81.0,3.8,2.6,4.0,300.0,0.0,C ,4.0
864,jak-pus,18-10-2023,26,33.4,30.3,62.0,0,7.6,6.0,340.0,2.0,C ,1.0
865,jak-pus,18-10-2024,26.2,33.6,29.4,64.0,0.0,8.0,4.0,310.0,1.0,C,5.0
866,jak-pus,18-11-2021,27.0,33.8,29.8,71.0,-,6.5,4.0,330.0,1.0,C ,2.0
867,jak-pus,18-11-2022,25.0,32.4,28.3,76.0,10.5,0.0,5.0,315.0,2.0,NW,4.0
868,jak-pus,18-11-2023,27,33.4,29.2,76.0,0.4,6.2,4.0,320.0,1.0,C ,3.0
869,jak-pus,18-11-2024,26.0,32.8,28.6,83.0,17.8,3.4,6.0,320.0,2.0,C,2.0
870,jak-pus,18-12-2021,25.8,33.6,28.3,78.0,0.4,5.0,6.0,120.0,2.0,C ,2.0
871,jak-pus,18-12-2022,26.0,32.8,28.3,82.0,1.7,6.5,4.0,320.0,1.0,C ,2.0
872,jak-pus,18-12-2023,26.8,34.2,30.7,66.0,0,7.8,8.0,310.0,1.0,C ,0.0
873,jak-pus,18-12-2024,25.4,33.4,29.1,72.0,8888.0,2.0,4.0,300.0,2.0,W,5.0
874,jak-pus,19-01-2021,24,29.4,26.7,82.0,15.7,0,6.0,300.0,2.0,C ,0.0
875,jak-pus,19-01-2022,24.4,30.2,27.3,84.0,204,0.2,8.0,320.0,2.0,C ,7.0
876,jak-pus,19-01-2023,25.8,30.8,27.5,81.0,3,1,6.0,250.0,2.0,W ,4.0
877,jak-pus,19-01-2024,24.8,28.4,26.4,85.0,7.7,1.0,4.0,250.0,2.0,W ,3.0
878,jak-pus,19-02-2021,24.5,29.4,26.6,82.0,94.1,2.0,7.0,340.0,2.0,C ,0.0
879,jak-pus,19-02-2022,25.0,32.4,28.0,84.0,2.7,0.0,4.0,280.0,1.0,C ,5.0
880,jak-pus,19-02-2023,25.8,30.2,27.5,82.0,3.8,5.2,4.0,310.0,1.0,C ,1.0
881,jak-pus,19-02-2024,26.6,32.4,29.5,78.0,0,2.7,9.0,300.0,2.0,C ,7.0
882,jak-pus,19-03-2021,27,31.6,28.9,76.0,0,7.0,7.0,290.0,2.0,C ,2.0
883,jak-pus,19-03-2022,26,34.4,29.5,73.0,-,0.8,9.0,280.0,4.0,W ,9.0
884,jak-pus,19-03-2023,26.4,32.0,28.7,81.0,0,8,6.0,320.0,2.0,C ,10.0
885,jak-pus,19-03-2024,26.2,34.8,30.2,65.0,0.3,5.0,6.0,260.0,1.0,C ,18.0
886,jak-pus,19-04-2021,26.4,32.0,28.7,76.0,0,4.2,3.0,320.0,1.0,C ,0.0
887,jak-pus,19-04-2022,26.4,32.8,28.6,78.0,-,6.0,9.0,340.0,2.0,C ,11.0
888,jak-pus,19-04-2023,25.0,34.4,29.7,79,1.2,4.8,2.0,240.0,1.0,C ,4.0
889,jak-pus,19-04-2024,27.2,33.2,29.5,76.0,0,3.7,3.0,340.0,1.0,C ,27.0
890,jak-pus,19-05-2021,-,32.8,29.1,77.0,-,2.6,5.0,340.0,1.0,C ,1.0
891,jak-pus,19-05-2022,25.8,32.0,28.0,84.0,35.2,5.2,4.0,340.0,1.0,C ,16.0
892,jak-pus,19-05-2023,27.2,33.2,29.6,74.0,0,0.0,6.0,320.0,1.0,C ,3.0
893,jak-pus,19-05-2024,27,33.2,30.3,70.0,-,4.5,4.0,340.0,1.0,C ,9.0
894,jak-pus,19-06-2021,25.6,27.6,26.0,92.0,0.9,1.2,5.0,320.0,1.0,C ,2.0
895,jak-pus,19-06-2022,24.8,32.4,28.0,82.0,-,0.6,6.0,330.0,1.0,C ,2.0
896,jak-pus,19-06-2023,26.2,31.2,27.4,88.0,0,2.3,3.0,20.0,1.0,C ,4.0
897,jak-pus,19-06-2024,26,33.8,29.8,71.0,-,0.5,3.0,360.0,1.0,C ,7.0
898,jak-pus,19-07-2021,26.2,31.8,29.0,75.0,-,6.5,3.0,110.0,0.0,C ,0.0
899,jak-pus,19-07-2022,25.6,33.4,28.9,76.0,0,5.4,5.0,340.0,1.0,C ,6.0
900,jak-pus,19-07-2023,25.6,34.6,29.5,59.0,-,6.6,5.0,310.0,1.0,C ,4.0
901,jak-pus,19-07-2024,26.6,33.4,29.2,69,0,4.8,4.0,50.0,1.0,C,4.0
902,jak-pus,19-08-2021,25,32.4,28.2,75.0,-,4.0,5.0,340.0,2.0,C ,1.0
903,jak-pus,19-08-2022,26.6,35.0,30.0,62,0,6.0,6.0,120.0,2.0,C ,5.0
904,jak-pus,19-08-2023,26.2,33.0,28.9,71.0,0,6.8,4.0,100.0,2.0,C ,0.0
905,jak-pus,19-08-2024,26.6,32.6,29.1,73.0,0.0,7.2,4.0,320.0,1.0,C,5.0
906,jak-pus,19-09-2021,27.8,32.4,28.6,76.0,0,8,5.0,300.0,1.0,C ,2.0
907,jak-pus,19-09-2022,26,34.4,29.8,69.0,1.2,2.1,4.0,300.0,0.0,C ,2.0
908,jak-pus,19-09-2023,27.4,32.6,29.7,72.0,0,8.2,2.0,330.0,0.0,C ,0.0
909,jak-pus,19-09-2024,25.0,32.6,28.5,62.0,0.0,7.9,4.0,320.0,1.0,C,1.0
910,jak-pus,19-10-2021,24.6,33.2,27.7,77.0,20.7,0.0,5.0,330.0,1.0,C ,3.0
911,jak-pus,19-10-2022,26.6,31.6,27.5,81.0,0,1.0,5.0,316.0,0.0,C ,3.0
912,jak-pus,19-10-2023,27.6,34.8,30.7,66.0,-,7.5,5.0,100.0,1.0,C ,2.0
913,jak-pus,19-10-2024,27.2,33.2,29.9,69.0,0.0,8.0,3.0,10.0,1.0,C,0.0
914,jak-pus,19-11-2021,25.0,30.6,27.9,74.0,-,3.0,5.0,250.0,2.0,W ,3.0
915,jak-pus,19-11-2022,25.8,33.2,28.9,74.0,8888,2.4,4.0,280.0,2.0,W ,5.0
916,jak-pus,19-11-2023,27,33.4,29.6,78.0,1,6,5.0,330.0,1.0,C ,2.0
917,jak-pus,19-11-2024,26.8,34.0,29.2,78.0,0.0,5.8,5.0,320.0,1.0,C,1.0
918,jak-pus,19-12-2021,26,32.6,29.3,78.0,2.4,5.2,3.0,310.0,1.0,C ,1.0
919,jak-pus,19-12-2022,25.2,32.0,28.6,75.0,4.8,2.4,7.0,320.0,2.0,C ,4.0
920,jak-pus,19-12-2023,25.8,34.4,30.3,62.0,-,7.5,7.0,320.0,2.0,C ,2.0
921,jak-pus,19-12-2024,26.0,32.0,28.1,82.0,1.2,4.2,5.0,220.0,1.0,C,3.0
922,jak-pus,20-01-2021,24.8,29.8,27.3,80.0,14,1.4,9.0,340.0,3.0,C ,1.0
923,jak-pus,20-01-2022,24.6,29.0,26.2,83.0,6.6,5.8,4.0,260.0,1.0,C ,3.0
924,jak-pus,20-01-2023,26,32.4,28.6,72.0,8888,2.4,3.0,290.0,1.0,C ,2.0
925,jak-pus,20-01-2024,24.8,35.4,30.5,64.0,11,0.0,7.0,300.0,2.0,C ,2.0
926,jak-pus,20-02-2021,-,30.0,27.9,78.0,27,2.6,7.0,320.0,3.0,NW,1.0
927,jak-pus,20-02-2022,25.6,30.8,27.9,83.0,2.8,2.2,6.0,310.0,1.0,C ,2.0
928,jak-pus,20-02-2023,26,32.6,27.5,83.0,0.5,4.3,3.0,300.0,1.0,C ,3.0
929,jak-pus,20-02-2024,26.8,33.0,29.8,78.0,-,5.2,9.0,340.0,2.0,C ,6.0
930,jak-pus,20-03-2021,25,31.8,27.8,80.0,-,4.6,5.0,330.0,3.0,W ,0.0
932,jak-pus,20-03-2022,27,35.0,30.0,64.0,0,5.6,5.0,300.0,3.0,W ,6.0
933,jak-pus,20-03-2023,26,32.4,28.7,75.0,0,6,5.0,317.0,1.0,C ,4.0
934,jak-pus,20-03-2024,25,35.4,30.4,63.0,-,9.9,7.0,240.0,3.0,W ,14.0
935,jak-pus,20-04-2021,26.2,32.8,29.1,73.0,0,6.3,4.0,300.0,1.0,C ,2.0
936,jak-pus,20-04-2022,25.0,33.0,28.8,76.0,0.4,4.5,4.0,270.0,1.0,C ,6.0
937,jak-pus,20-04-2023,25.6,34.2,28.9,80,29.5,7.6,5.0,320.0,0.0,C ,2.0
938,jak-pus,20-04-2024,27,33.6,30.1,76.0,-,0.6,3.0,190.0,1.0,C ,39.0
939,jak-pus,20-05-2021,26.6,33.2,29.6,74.0,-,4.2,5.0,320.0,2.0,NW,2.0
940,jak-pus,20-05-2022,25.6,31.6,27.4,84.0,9.4,2.2,5.0,330.0,1.0,C ,3.0
941,jak-pus,20-05-2023,27.4,33.0,29.4,76.0,0,3.3,5.0,310.0,1.0,C ,3.0
942,jak-pus,20-05-2024,27.4,34.4,30.6,68.0,-,6.5,2.0,110.0,1.0,C ,18.0
943,jak-pus,20-06-2021,24.2,30.8,27.0,83.0,16.7,0,5.0,340.0,1.0,C ,1.0
944,jak-pus,20-06-2022,25,32.4,28.9,76.0,0,7,6.0,320.0,1.0,C ,5.0
945,jak-pus,20-06-2023,25.2,33.2,28.6,78.0,26.9,0.2,3.0,90.0,1.0,C ,3.0
946,jak-pus,20-06-2024,25.8,33.6,29.7,66.0,-,7.0,5.0,360.0,1.0,C ,5.0
947,jak-pus,20-07-2021,26.4,32.4,28.4,79.0,8888,1.2,4.0,340.0,1.0,C ,1.0
948,jak-pus,20-07-2022,26.8,33.6,29.6,75.0,-,6.5,5.0,100.0,1.0,C ,6.0
949,jak-pus,20-07-2023,25.2,32.4,27.9,61.0,0,6.8,4.0,317.0,1.0,C ,2.0
950,jak-pus,20-07-2024,25.6,33.4,28.6,67,0,4.4,4.0,360.0,2.0,C,5.0
951,jak-pus,20-08-2021,25.4,32.4,28.6,72.0,-,4.2,7.0,350.0,2.0,C ,0.0
952,jak-pus,20-08-2022,27.2,33.6,29.7,68,0,7.0,3.0,110.0,1.0,C ,5.0
953,jak-pus,20-08-2023,26.4,34.8,29.4,72.0,-,7.0,5.0,210.0,1.0,C ,0.0
954,jak-pus,20-08-2024,26.4,33.4,28.8,76.0,0.0,7.5,6.0,320.0,1.0,C,4.0
955,jak-pus,20-09-2021,26.0,31.8,28.8,72.0,17,5.6,5.0,330.0,1.0,C ,0.0
956,jak-pus,20-09-2022,26,32.0,28.7,68.0,0,7.8,8.0,320.0,2.0,C ,4.0
957,jak-pus,20-09-2023,26.6,32.8,28.9,73.0,0,3.0,3.0,320.0,0.0,C ,1.0
958,jak-pus,20-09-2024,26.4,32.6,29.1,71.0,0.0,8.0,5.0,320.0,1.0,C,3.0
959,jak-pus,20-10-2021,26,32.6,29.0,74.0,0,2.6,4.0,330.0,1.0,C ,0.0
960,jak-pus,20-10-2022,25.2,32.0,28.2,80.0,20.2,1.2,5.0,310.0,1.0,C ,3.0
961,jak-pus,20-10-2023,26,33.0,29.9,73.0,-,6.4,5.0,320.0,2.0,C ,1.0
962,jak-pus,20-10-2024,27.0,36.4,31.1,60.0,0.0,8.0,7.0,290.0,2.0,C,1.0
963,jak-pus,20-11-2021,26.4,31.8,27.9,78.0,8888,0.2,7.0,330.0,2.0,C ,0.0
964,jak-pus,20-11-2022,26.6,33.6,29.5,70.0,0,5.8,4.0,300.0,2.0,NW,0.0
965,jak-pus,20-11-2023,26,34.2,30.4,69.0,4,7.8,7.0,320.0,1.0,C ,1.0
966,jak-pus,20-11-2024,26.2,33.6,29.5,75.0,8.0,4.4,4.0,250.0,1.0,C,5.0
967,jak-pus,20-12-2021,26.6,33,27.9,81.0,0,6.0,4.0,320.0,1.0,C ,3.0
968,jak-pus,20-12-2022,25.2,31.0,28.3,76.0,-,6.0,9.0,320.0,2.0,C ,7.0
969,jak-pus,20-12-2023,26.2,35.6,30.3,56.0,-,-,4.0,340.0,1.0,C ,4.0
970,jak-pus,20-12-2024,25.0,32.0,28.1,82.0,56.0,1.9,3.0,230.0,1.0,C,3.0
971,jak-pus,21-01-2021,24.8,28.4,26.6,87.0,3.2,3.6,4.0,300.0,1.0,C ,0.0
972,jak-pus,21-01-2022,24.8,31.0,27.6,79.0,8888,0.0,7.0,340.0,1.0,C ,7.0
973,jak-pus,21-01-2023,25,31.8,28.6,74.0,8888,3,8.0,320.0,2.0,C ,5.0
974,jak-pus,21-01-2024,26.0,32.8,28.8,76.0,-,8.0,10.0,230.0,2.0,SW,3.0
975,jak-pus,21-02-2021,24.8,30.2,27.2,82.0,16.4,3.5,9.0,330.0,2.0,C ,0.0
977,jak-pus,21-02-2022,26.0,32.4,28.5,74.0,0.8,1.6,5.0,350.0,1.0,C ,5.0
978,jak-pus,21-02-2023,26.4,31.6,28.0,77.0,10,6.5,3.0,300.0,1.0,C ,9.0
979,jak-pus,21-02-2024,26.0,33.0,29.5,77.0,0.2,7.2,5.0,320.0,1.0,C ,6.0
980,jak-pus,21-03-2021,26,32.8,28.4,79.0,4,3.6,6.0,330.0,2.0,NW,0.0
981,jak-pus,21-03-2022,27.4,33.2,29.7,69.0,0,8.0,8.0,230.0,4.0,W ,10.0
982,jak-pus,21-03-2023,25.6,33.6,29.2,69.0,8888,7.6,5.0,315.0,0.0,C ,9.0
983,jak-pus,21-03-2024,26,32,29,77.0,0,9.7,6.0,340.0,2.0,C ,13.0
984,jak-pus,21-04-2021,25.6,33.2,29.3,72.0,-,4.0,6.0,340.0,1.0,C ,4.0
985,jak-pus,21-04-2022,26.6,29.2,27.4,84.0,4,3.8,3.0,270.0,0.0,C ,5.0
986,jak-pus,21-04-2023,26.6,33.6,29.2,81,5.8,3.7,15.0,10.0,1.0,C ,2.0
987,jak-pus,21-04-2024,26,33.0,29.6,76.0,-,2.3,4.0,320.0,1.0,C ,30.0
988,jak-pus,21-05-2021,27,33.4,29.1,77.0,0.2,5,5.0,320.0,1.0,C ,2.0
989,jak-pus,21-05-2022,25.0,31.2,27.9,82.0,20,2.0,4.0,90.0,1.0,C ,8.0
990,jak-pus,21-05-2023,27.4,33.8,29.6,79.0,-,2.5,3.0,290.0,1.0,C ,5.0
991,jak-pus,21-05-2024,27.4,33,30.5,70.0,0,3.4,6.0,310.0,1.0,C ,16.0
992,jak-pus,21-06-2021,-,32.0,26.5,85.0,1.6,3,7.0,260.0,2.0,C ,0.0
993,jak-pus,21-06-2022,26.4,32.8,28.9,72.0,0,7,4.0,80.0,1.0,C ,9.0
994,jak-pus,21-06-2023,25.8,33.0,29.5,77.0,0,3.3,5.0,320.0,1.0,C ,3.0
995,jak-pus,21-06-2024,-,34.2,29.8,70.0,-,7.0,3.0,320.0,1.0,C ,4.0
996,jak-pus,21-07-2021,26.4,32.6,28.7,77.0,0,5.0,5.0,320.0,2.0,C ,0.0
997,jak-pus,21-07-2022,-,32.4,28.7,76.0,-,-,6.0,310.0,1.0,C ,6.0
998,jak-pus,21-07-2023,25.4,33.6,28.8,67.0,0,6.6,5.0,320.0,1.0,C ,3.0
999,jak-pus,21-07-2024,26,34.4,29.4,67,0,7,5.0,350.0,1.0,C,6.0
1000,jak-pus,21-08-2021,26,30.8,27.6,77.0,3.7,4.5,7.0,320.0,2.0,C ,2.0
1001,jak-pus,21-08-2022,27.4,32.8,29.3,-,-,5.0,5.0,310.0,1.0,C ,2.0
1002,jak-pus,21-08-2023,25,33.4,29.2,68.0,0,6.8,4.0,180.0,1.0,C ,2.0
1003,jak-pus,21-08-2024,26.8,33.6,29.1,74.0,0.0,6.0,5.0,330.0,1.0,C,6.0
1004,jak-pus,21-09-2021,25.0,32.6,28.8,71.0,-,-,5.0,330.0,1.0,C ,0.0
1005,jak-pus,21-09-2022,26.4,32.2,28.5,75.0,0,4.7,4.0,330.0,1.0,C ,1.0
1006,jak-pus,21-09-2023,-,33.4,29.3,70.0,0,8.0,6.0,330.0,1.0,C ,2.0
1007,jak-pus,21-09-2024,27.0,33.2,29.4,71.0,0.0,7.6,4.0,360.0,2.0,C,1.0
1008,jak-pus,21-10-2021,26,32.0,28.5,83.0,46.5,5.8,5.0,320.0,1.0,C ,1.0
1009,jak-pus,21-10-2022,25.0,30.8,28.4,76.0,-,1.0,3.0,316.0,0.0,C ,1.0
1010,jak-pus,21-10-2023,28,34.6,30.2,71.0,0,7.2,3.0,340.0,1.0,C ,3.0
1011,jak-pus,21-10-2024,25.0,33.8,30.1,64.0,0.0,8.0,5.0,300.0,1.0,C,1.0
1012,jak-pus,21-11-2021,25.2,32.4,29.4,73.0,7,2.4,5.0,240.0,2.0,SW,1.0
1013,jak-pus,21-11-2022,26.2,34.6,29.7,66.0,-,5.0,6.0,320.0,2.0,C ,5.0
1014,jak-pus,21-11-2023,27.4,33.6,30.2,72.0,0,6.3,9.0,330.0,2.0,C ,2.0
1015,jak-pus,21-11-2024,26.8,33.2,29.7,75.0,0.0,4.2,7.0,330.0,1.0,C,2.0
1016,jak-pus,21-12-2021,-,29.8,26.7,88.0,1.5,1.0,5.0,320.0,1.0,C ,1.0
1017,jak-pus,21-12-2022,25.8,31.8,28.5,80.0,0,2.8,7.0,317.0,2.0,C ,7.0
1018,jak-pus,21-12-2023,25.4,34.6,29.9,62.0,0,8,8.0,340.0,2.0,C ,0.0
1019,jak-pus,21-12-2024,25.6,31.4,28.1,81.0,10.2,2.6,6.0,270.0,2.0,C,5.0
1020,jak-pus,22-01-2021,25.6,29.4,27.0,79.0,8.5,0.5,7.0,260.0,1.0,C ,0.0
1021,jak-pus,22-01-2022,25.0,30.4,27.3,82.0,6,5.0,6.0,330.0,2.0,W ,2.0
1022,jak-pus,22-01-2023,26.4,33.4,29.2,71.0,0,5,6.0,250.0,2.0,W ,5.0
1023,jak-pus,22-01-2024,26.4,35.0,30.4,66.0,7,5.4,8.0,320.0,3.0,W ,5.0
1024,jak-pus,22-02-2021,25.4,30.4,27.9,78.0,0,8.4,6.0,300.0,2.0,NW,1.0
1025,jak-pus,22-02-2022,25.6,34.4,29.3,74.0,3,3.0,8.0,340.0,1.0,C ,4.0
1026,jak-pus,22-02-2023,24.4,30.8,27.3,84.0,29.7,3.0,5.0,280.0,1.0,C ,0.0
1027,jak-pus,22-02-2024,27.4,34.0,30.6,74.0,0,0.3,7.0,350.0,3.0,C ,9.0
1028,jak-pus,22-03-2021,26.2,32.8,29.3,73.0,-,8.0,5.0,320.0,2.0,C ,0.0
1029,jak-pus,22-03-2022,26.8,32.6,29.1,74.0,-,5.0,6.0,330.0,1.0,C ,6.0
1030,jak-pus,22-03-2023,25,32.6,29.1,76.0,8888,7,3.0,350.0,0.0,C ,4.0
1031,jak-pus,22-03-2024,25.2,29.6,26.4,91.0,63.3,9.0,0.0,0.0,0.0,C ,12.0
1032,jak-pus,22-04-2021,26.4,33.0,29.3,68.0,-,7.0,6.0,320.0,2.0,C ,2.0
1033,jak-pus,22-04-2022,26.0,30.8,26.4,88.0,11,0.0,5.0,140.0,0.0,C ,9.0
1034,jak-pus,22-04-2023,25.0,33.8,29.6,76,-,6.4,3.0,60.0,1.0,C ,5.0
1035,jak-pus,22-04-2024,27.4,34.0,30.9,73.0,0,2.5,4.0,320.0,1.0,C ,21.0
1036,jak-pus,22-05-2021,27,32.6,28.9,76.0,0,6.5,5.0,320.0,1.0,C ,2.0
1038,jak-pus,22-05-2022,25.2,30.4,27.8,82.0,-,1.7,5.0,80.0,1.0,C ,10.0
1039,jak-pus,22-05-2023,26.6,33.2,29.1,78.0,1.8,6.0,2.0,250.0,0.0,C ,3.0
1040,jak-pus,22-05-2024,28,33.8,30.6,72.0,0,5.2,5.0,360.0,2.0,C ,20.0
1041,jak-pus,22-06-2021,25,31.2,27.6,79.0,8888,3.7,3.0,340.0,1.0,C ,2.0
1042,jak-pus,22-06-2022,25.2,32.4,28.0,83.0,15.4,6,3.0,140.0,0.0,C ,12.0
1043,jak-pus,22-06-2023,-,33.6,29.2,78.0,2.5,3.9,3.0,315.0,1.0,C ,5.0
1044,jak-pus,22-06-2024,27,33.4,29.2,72.0,0,6.7,5.0,360.0,1.0,C ,5.0
1045,jak-pus,22-07-2021,-,32.0,28.3,78.0,8888,4.2,4.0,330.0,1.0,C ,0.0
1046,jak-pus,22-07-2022,27,32.2,29.1,71.0,0,6.8,4.0,320.0,1.0,C ,8.0
1047,jak-pus,22-07-2023,26.2,32.8,29.1,70.0,0,4,3.0,110.0,1.0,C ,4.0
1048,jak-pus,22-07-2024,25,33.6,28.7,73,0,6,4.0,360.0,1.0,C,5.0
1049,jak-pus,22-08-2021,25.6,33.4,28.8,74.0,-,1.5,4.0,90.0,1.0,C ,3.0
1050,jak-pus,22-08-2022,25.0,30.8,27.5,80,-,5.5,5.0,340.0,1.0,C ,2.0
1051,jak-pus,22-08-2023,26,32.2,28.8,70.0,0,4.5,5.0,130.0,2.0,C ,0.0
1052,jak-pus,22-08-2024,25.0,33.4,29.1,73.0,0.0,6.8,4.0,310.0,1.0,C,2.0
1053,jak-pus,22-09-2021,26.4,33.8,29.5,69.0,-,6,4.0,50.0,1.0,C ,1.0
1054,jak-pus,22-09-2022,26.6,31.6,27.7,81.0,-,4.0,4.0,120.0,1.0,C ,3.0
1055,jak-pus,22-09-2023,25,32.6,28.8,70.0,-,7.0,8.0,340.0,1.0,C ,1.0
1056,jak-pus,22-09-2024,27.2,34.4,29.8,76.0,0.0,8.0,5.0,340.0,1.0,C,2.0
1057,jak-pus,22-10-2021,26,32.4,29.1,77.0,4,4.0,5.0,320.0,1.0,C ,2.0
1058,jak-pus,22-10-2022,26.4,31.4,28.7,78.0,0,0.0,3.0,300.0,1.0,C ,2.0
1059,jak-pus,22-10-2023,27.8,33.8,30.4,65.0,-,8.0,3.0,300.0,1.0,C ,2.0
1060,jak-pus,22-10-2024,27.4,34.6,30.3,67.0,0.0,5.7,5.0,320.0,1.0,C,1.0
1061,jak-pus,22-11-2021,27.2,32.8,29.3,74.0,0,6.0,5.0,250.0,2.0,C ,4.0
1062,jak-pus,22-11-2022,24.0,34.2,29.4,70.0,-,4.7,10.0,316.0,2.0,NW,5.0
1063,jak-pus,22-11-2023,26,33.6,30.0,73.0,15,6.8,9.0,320.0,2.0,C ,1.0
1064,jak-pus,22-11-2024,25.0,34.4,29.4,74.0,0.0,5.6,6.0,270.0,2.0,C,2.0
1065,jak-pus,22-12-2021,24.6,32.6,28.6,76.0,6.8,0.6,4.0,330.0,1.0,C ,2.0
1066,jak-pus,22-12-2022,26.2,31.8,28.4,79.0,1,4.5,4.0,317.0,1.0,C ,2.0
1067,jak-pus,22-12-2023,26.2,33.2,30.1,65.0,-,7,5.0,330.0,1.0,C ,0.0
1068,jak-pus,22-12-2024,25.6,30.6,27.8,87.0,19.0,1.6,4.0,330.0,1.0,C,1.0
1069,jak-pus,23-01-2021,25.4,30.8,27.4,82.0,0,0.4,6.0,260.0,2.0,C ,3.0
1070,jak-pus,23-01-2022,24.6,32.8,29.3,75.0,3.2,3.2,9.0,340.0,4.0,W ,5.0
1071,jak-pus,23-01-2023,26,32.2,28.6,70.0,0,6,3.0,270.0,2.0,W ,5.0
1072,jak-pus,23-01-2024,27.0,34.6,30.1,68.0,-,5.8,5.0,260.0,1.0,C ,1.0
1073,jak-pus,23-02-2021,26.4,31.0,27.9,80.0,0,5.5,10.0,340.0,3.0,C ,1.0
1074,jak-pus,23-02-2022,24.6,32.2,27.6,79.0,1,2.5,5.0,320.0,2.0,NW,4.0
1075,jak-pus,23-02-2023,24.6,30.4,26.9,87.0,21.5,3.2,6.0,315.0,1.0,C ,4.0
1076,jak-pus,23-02-2024,27.2,34.0,30.3,72.0,3.2,5.8,4.0,330.0,2.0,C ,7.0
1077,jak-pus,23-03-2021,26.8,33.8,29.1,75.0,0,8.0,8.0,280.0,2.0,C ,3.0
1078,jak-pus,23-03-2022,26,32.2,27.7,80.0,1.5,1.5,3.0,260.0,1.0,C ,7.0
1079,jak-pus,23-03-2023,27.2,33.8,29.3,76.0,8888,6.7,9.0,320.0,1.0,C ,10.0
1080,jak-pus,23-03-2024,25.4,33.6,29.8,75.0,3.8,0.0,5.0,340.0,1.0,C ,19.0
1081,jak-pus,23-04-2021,26.8,32.2,28.2,76.0,0,7.0,4.0,280.0,1.0,C ,2.0
1082,jak-pus,23-04-2022,24.8,33.6,28.5,80.0,5.7,1.5,5.0,320.0,1.0,C ,1.0
1083,jak-pus,23-04-2023,26.6,34.0,29.8,76,-,7.0,5.0,100.0,1.0,C ,7.0
1084,jak-pus,23-04-2024,28,32.8,29.8,77.0,0,7.0,6.0,320.0,1.0,C ,24.0
1085,jak-pus,23-05-2021,25.6,32.8,29.1,76.0,8888,2.7,5.0,320.0,1.0,C ,1.0
1086,jak-pus,23-05-2022,26.2,32.6,29.0,79.0,0,0.0,4.0,150.0,1.0,C ,13.0
1087,jak-pus,23-05-2023,27.2,33.6,29.3,75.0,-,5.3,5.0,320.0,1.0,C ,6.0
1088,jak-pus,23-05-2024,28,32,28.9,81.0,-,3.2,5.0,360.0,1.0,C ,18.0
1089,jak-pus,23-06-2021,25.2,30.8,27.8,81.0,0,5.5,5.0,320.0,1.0,C ,0.0
1090,jak-pus,23-06-2022,25,33.0,29.1,74.0,8888,1.2,5.0,90.0,1.0,C ,5.0
1091,jak-pus,23-06-2023,26.4,33.2,29.4,77.0,1,3.7,4.0,140.0,2.0,C ,2.0
1092,jak-pus,23-06-2024,-,34.4,30.2,62.0,-,0.8,3.0,70.0,1.0,C ,7.0
1093,jak-pus,23-07-2021,25,31.0,27.1,82.0,17.8,0.4,7.0,330.0,2.0,C ,0.0
1094,jak-pus,23-07-2022,26,32.8,28.9,75.0,0,4,6.0,310.0,1.0,C ,6.0
1095,jak-pus,23-07-2023,26,33.6,29.0,68.0,0,6,4.0,320.0,1.0,C ,0.0
1096,jak-pus,23-07-2024,26.6,32.6,28.9,66,0,6.6,5.0,320.0,2.0,C,5.0
1097,jak-pus,23-08-2021,25.6,31.8,28.8,77.0,-,3.4,6.0,340.0,1.0,C ,0.0
1098,jak-pus,23-08-2022,26.2,34.8,29.6,73,0,1.2,6.0,120.0,1.0,C ,4.0
1099,jak-pus,23-08-2023,26.2,32.6,29.0,68.0,0,4.5,5.0,320.0,2.0,C ,1.0
1100,jak-pus,23-08-2024,26.6,32.0,28.8,76.0,0.0,6.0,4.0,280.0,1.0,C,5.0
1101,jak-pus,23-09-2021,27.0,33.8,29.7,69.0,0,8,6.0,100.0,2.0,C ,4.0
1102,jak-pus,23-09-2022,-,31.8,27.8,81.0,21.4,0.0,6.0,320.0,1.0,C ,3.0
1103,jak-pus,23-09-2023,26.4,32.6,28.9,66.0,0,8.0,4.0,310.0,1.0,C ,1.0
1104,jak-pus,23-09-2024,26.0,33.4,29.9,76.0,0.0,3.6,3.0,120.0,1.0,C,1.0
1105,jak-pus,23-10-2021,26.4,32.8,29.3,72.0,-,3.5,5.0,310.0,1.0,C ,1.0
1106,jak-pus,23-10-2022,25.6,32.8,28.7,76.0,34.8,6.5,4.0,310.0,2.0,C ,2.0
1107,jak-pus,23-10-2023,24,34.0,27.0,78.0,0,8.0,6.0,280.0,2.0,C ,2.0
1108,jak-pus,23-10-2024,28.0,34.2,30.4,69.0,0.0,8.0,4.0,160.0,1.0,C,2.0
1109,jak-pus,23-11-2021,25.0,32.4,27.9,76.0,8888,3.0,8.0,290.0,4.0,W ,1.0
1110,jak-pus,23-11-2022,25.0,33.4,28.8,71.0,-,7.7,9.0,320.0,2.0,C ,2.0
1111,jak-pus,23-11-2023,27.4,32.2,29.2,78.0,3.1,3,6.0,320.0,1.0,C ,2.0
1112,jak-pus,23-11-2024,26.6,34.4,29.0,77.0,0.0,5.5,3.0,270.0,1.0,C,2.0
1113,jak-pus,23-12-2021,25.6,31.6,26.7,85.0,0,4.7,3.0,310.0,1.0,C ,4.0
1114,jak-pus,23-12-2022,24.6,30.0,27.2,82.0,38.5,0.4,5.0,310.0,2.0,C ,4.0
1115,jak-pus,23-12-2023,26.0,33.8,31.0,65.0,-,1.8,4.0,280.0,1.0,C ,2.0
1116,jak-pus,23-12-2024,26.0,30.0,26.9,93.0,43.8,2.5,4.0,300.0,1.0,C,1.0
1117,jak-pus,24-01-2021,24,27.6,25.1,94.0,16.5,1.4,3.0,290.0,1.0,C ,0.0
1118,jak-pus,24-01-2022,26.2,34.4,29.6,72.0,0,6.0,7.0,315.0,2.0,C ,6.0
1119,jak-pus,24-01-2023,26,34.0,29.1,71.0,-,3.2,7.0,320.0,2.0,C ,9.0
1120,jak-pus,24-01-2024,26.0,33.6,30.2,67.0,-,2.7,6.0,260.0,2.0,C ,6.0
1121,jak-pus,24-02-2021,24,32.4,27.3,77.0,0.3,5.4,8.0,300.0,2.0,C ,2.0
1122,jak-pus,24-02-2022,24.4,33.2,28.6,67.0,17.8,0.6,7.0,270.0,2.0,W ,4.0
1123,jak-pus,24-02-2023,24.4,29.8,25.8,94.0,76.9,3.6,4.0,290.0,1.0,C ,1.0
1124,jak-pus,24-02-2024,27.4,31.6,28.9,80.0,-,2.4,9.0,330.0,3.0,C ,9.0
1125,jak-pus,24-03-2021,26.4,33.2,28.9,72.0,-,8.0,6.0,270.0,3.0,W ,3.0
1126,jak-pus,24-03-2022,25.4,33.0,28.3,78.0,5.3,1.8,8.0,330.0,1.0,C ,7.0
1127,jak-pus,24-03-2023,27.2,32.0,29.3,78.0,0,7,7.0,317.0,1.0,C ,7.0
1128,jak-pus,24-03-2024,26,33.4,29.9,77.0,-,9.9,3.0,300.0,1.0,C ,21.0
1129,jak-pus,24-04-2021,25.4,32.6,28.5,74.0,10.5,7.0,7.0,290.0,2.0,C ,1.0
1130,jak-pus,24-04-2022,25.0,33.0,28.9,78.0,5,5.8,6.0,340.0,1.0,C ,6.0
1131,jak-pus,24-04-2023,27.0,34.2,29.5,79,3.6,7.0,5.0,320.0,1.0,C ,4.0
1132,jak-pus,24-04-2024,27.4,34.4,30.0,78.0,-,3.5,6.0,350.0,1.0,C ,36.0
1133,jak-pus,24-05-2021,26.6,32.6,29.5,77.0,-,-,5.0,300.0,1.0,C ,2.0
1134,jak-pus,24-05-2022,26.6,32.8,29.7,72.0,0,5.0,6.0,90.0,2.0,C ,15.0
1135,jak-pus,24-05-2023,27,33.4,29.4,73.0,-,4.2,3.0,290.0,1.0,C ,6.0
1136,jak-pus,24-05-2024,26,33.4,29.3,78.0,8888,0.0,3.0,360.0,1.0,C ,17.0
1137,jak-pus,24-06-2021,25,30.2,27.3,81.0,-,0,5.0,320.0,1.0,C ,1.0
1138,jak-pus,24-06-2022,26.4,31.4,28.0,80.0,0,2.5,5.0,340.0,1.0,C ,13.0
1139,jak-pus,24-06-2023,26.8,32.0,28.6,79.0,0,3.6,3.0,320.0,1.0,C ,3.0
1140,jak-pus,24-06-2024,26.4,33.4,29.9,72.0,-,7.0,4.0,70.0,1.0,C ,1.0
1141,jak-pus,24-07-2021,25.4,31.0,27.8,81.0,2.5,1.8,4.0,350.0,1.0,C ,0.0
1142,jak-pus,24-07-2022,26.4,32.6,28.8,77.0,-,6,7.0,300.0,2.0,C ,3.0
1143,jak-pus,24-07-2023,-,32.0,28.8,76.0,0,6.8,5.0,316.0,1.0,C ,2.0
1144,jak-pus,24-07-2024,26.8,32.6,29,70,0,6.4,4.0,300.0,1.0,C,5.0
1145,jak-pus,24-08-2021,26.8,32.2,29.1,72.0,-,6.5,8.0,330.0,2.0,C ,0.0
1146,jak-pus,24-08-2022,27.0,32.4,29.1,74,0,7.5,6.0,320.0,1.0,C ,10.0
1147,jak-pus,24-08-2023,26,33.6,29.2,70.0,0,5.5,3.0,130.0,1.0,C ,2.0
1148,jak-pus,24-08-2024,26.4,32.6,28.5,73.0,0.0,6.0,5.0,360.0,1.0,C,3.0
1149,jak-pus,24-09-2021,25.6,34.0,29.9,69.0,-,6.9,4.0,60.0,2.0,E ,0.0
1150,jak-pus,24-09-2022,25.8,33.6,29.3,72.0,0,4.0,4.0,70.0,1.0,C ,2.0
1151,jak-pus,24-09-2023,26.6,32.2,28.7,72.0,0,3.6,6.0,310.0,1.0,C ,1.0
1152,jak-pus,24-09-2024,26.4,33.4,28.0,82.0,0.0,4.5,5.0,150.0,1.0,C,0.0
1153,jak-pus,24-10-2021,27,33.2,30.0,73.0,0,3.6,4.0,330.0,1.0,C ,4.0
1154,jak-pus,24-10-2022,25.6,34.0,29.1,69.0,-,7.0,8.0,320.0,3.0,NW,5.0
1155,jak-pus,24-10-2023,26,33.0,29.4,72.0,-,8.0,5.0,340.0,1.0,C ,2.0
1156,jak-pus,24-10-2024,26.0,33.6,29.4,74.0,46.6,6.6,3.0,310.0,1.0,C,2.0
1157,jak-pus,24-11-2021,25.6,33.8,29.3,62.0,8888,2.6,4.0,320.0,2.0,W ,0.0
1158,jak-pus,24-11-2022,26.2,31,28.6,76.0,2.7,5.5,4.0,316.0,1.0,C ,5.0
1159,jak-pus,24-11-2023,26.8,32.8,28.6,82.0,0,0,5.0,330.0,1.0,C ,0.0
1160,jak-pus,24-11-2024,26.4,35.2,29.6,73.0,0.0,2.4,5.0,310.0,1.0,C,4.0
1161,jak-pus,24-12-2021,24.6,32.6,28.1,80.0,19.7,2.0,5.0,320.0,1.0,C ,5.0
1162,jak-pus,24-12-2022,24.8,30.0,27.4,85.0,2.8,0.0,7.0,320.0,2.0,C ,9.0
1163,jak-pus,24-12-2023,28.0,33.6,30.6,70.0,0,6.6,4.0,300.0,1.0,C ,1.0
1164,jak-pus,24-12-2024,24.4,31.4,28.0,79.0,17.0,0.0,3.0,330.0,1.0,C,2.0
1165,jak-pus,25-01-2021,24,30.4,27.6,80.0,43.8,0,4.0,330.0,1.0,C ,0.0
1166,jak-pus,25-01-2022,26.8,31.4,28.8,80.0,0,8.0,5.0,330.0,1.0,C ,2.0
1167,jak-pus,25-01-2023,25,30.2,27.2,78.0,8888,5.5,4.0,316.0,1.0,C ,7.0
1168,jak-pus,25-01-2024,27.0,33.0,30.1,72.0,0,5.7,4.0,320.0,1.0,C ,7.0
1169,jak-pus,25-02-2021,24.6,30.0,27.3,85.0,11.8,3.2,10.0,320.0,3.0,NW,0.0
1170,jak-pus,25-02-2022,26.2,29.8,27.7,73.0,0,1.5,4.0,240.0,2.0,W ,3.0
1171,jak-pus,25-02-2023,24.6,29.4,27.0,86.0,74.1,0.0,5.0,310.0,2.0,W ,4.0
1172,jak-pus,25-02-2024,26.0,32.8,28.4,81.0,5.7,3.8,9.0,340.0,2.0,C ,5.0
1173,jak-pus,25-03-2021,27,31.4,28.8,72.0,-,5.0,5.0,320.0,1.0,C ,3.0
1174,jak-pus,25-03-2022,25.8,33.4,29.2,78.0,0,8.0,6.0,300.0,1.0,C ,3.0
1175,jak-pus,25-03-2023,27,33.8,27.9,83.0,-,5,5.0,320.0,1.0,C ,6.0
1176,jak-pus,25-03-2024,27.2,32,29.2,80.0,-,8.0,4.0,340.0,1.0,C ,26.0
1177,jak-pus,25-04-2021,25.0,32.8,29.3,73.0,-,6.8,3.0,10.0,1.0,C ,1.0
1178,jak-pus,25-04-2022,26.6,34.2,29.5,75.0,0.8,5.2,7.0,330.0,1.0,C ,8.0
1179,jak-pus,25-04-2023,25.8,32.2,28.5,81,9.7,7.5,4.0,340.0,0.0,C ,8.0
1180,jak-pus,25-04-2024,25.6,32.0,29.0,81.0,13,1.0,3.0,360.0,1.0,C ,26.0
1181,jak-pus,25-05-2021,25,33.0,28.5,77.0,10,2,3.0,320.0,1.0,C ,3.0
1182,jak-pus,25-05-2022,26.8,33.0,28.3,83.0,0.2,5.4,5.0,20.0,1.0,C ,8.0
1183,jak-pus,25-05-2023,-,33.2,29.4,72.0,-,2.0,4.0,320.0,1.0,C ,1.0
1184,jak-pus,25-05-2024,26.6,33,27.2,86.0,3.5,4.0,3.0,110.0,1.0,C ,12.0
1185,jak-pus,25-06-2021,25.4,33.0,28.5,78.0,8888,1.2,4.0,330.0,1.0,C ,0.0
1186,jak-pus,25-06-2022,26.6,32.4,28.8,76.0,0,2,3.0,20.0,1.0,C ,7.0
1187,jak-pus,25-06-2023,26,32.0,28.7,81.0,31.4,4.2,4.0,320.0,1.0,C ,2.0
1188,jak-pus,25-06-2024,27.2,32.4,27.3,83.0,0,3.8,3.0,30.0,1.0,C ,4.0
1189,jak-pus,25-07-2021,24.6,32.6,27.7,79.0,2.5,2.6,5.0,310.0,1.0,C ,0.0
1190,jak-pus,25-07-2022,25,32.4,28.8,74.0,-,5.9,5.0,320.0,1.0,C ,6.0
1191,jak-pus,25-07-2023,26,30.8,28.0,78.0,8888,2.7,5.0,320.0,0.0,C ,1.0
1192,jak-pus,25-07-2024,25,32.0,28.4,72,0,3.2,3.0,310.0,1.0,C,2.0
1193,jak-pus,25-08-2021,26,31.8,28.5,68.0,8888,2.1,4.0,330.0,1.0,C ,0.0
1194,jak-pus,25-08-2022,26.6,33.2,29.4,65,-,7.5,7.0,120.0,1.0,C ,4.0
1195,jak-pus,25-08-2023,26,33.0,28.8,74.0,-,7.2,5.0,320.0,1.0,C ,5.0
1196,jak-pus,25-08-2024,26.6,33.6,28.7,68.0,0.0,7.0,7.0,350.0,1.0,C,1.0
1197,jak-pus,25-09-2021,27.0,33.6,29.9,73.0,-,8,5.0,130.0,2.0,E ,1.0
1198,jak-pus,25-09-2022,26.4,32.6,29.3,72.0,0,8.0,4.0,350.0,1.0,C ,3.0
1199,jak-pus,25-09-2023,25.6,34.2,29.3,66.0,-,6.0,5.0,270.0,1.0,C ,4.0
1200,jak-pus,25-09-2024,26.4,33.4,27.3,80.0,2.0,2.3,5.0,320.0,1.0,C,1.0
1201,jak-pus,25-10-2021,27.6,33.2,29.0,75.0,0,8.0,4.0,260.0,1.0,C ,2.0
1202,jak-pus,25-10-2022,25.0,31.0,27.4,80.0,-,5.0,7.0,320.0,4.0,NW,3.0
1203,jak-pus,25-10-2023,26.4,33.0,29.5,72.0,8888,2.0,9.0,330.0,1.0,C ,1.0
1204,jak-pus,25-10-2024,25.0,33.8,28.2,80.0,5.0,2.3,4.0,330.0,1.0,C,1.0
1205,jak-pus,25-11-2021,26.8,33.8,29.1,73.0,0,1.2,6.0,350.0,1.0,C ,1.0
1206,jak-pus,25-11-2022,25.4,31.4,27.8,76.0,-,1.6,3.0,314.0,0.0,C ,3.0
1207,jak-pus,25-11-2023,25,29.6,26.1,89.0,3.5,1,2.0,150.0,0.0,C ,1.0
1208,jak-pus,25-11-2024,27.0,34.0,30.1,72.0,0.0,3.8,6.0,250.0,2.0,C,4.0
1209,jak-pus,25-12-2021,25,31.4,27.7,80.0,-,3.6,3.0,290.0,1.0,C ,2.0
1210,jak-pus,25-12-2022,24.8,28.2,26.4,86.0,1.5,1.0,3.0,320.0,1.0,C ,3.0
1211,jak-pus,25-12-2023,27.0,32.2,28.3,80.0,0,5.3,5.0,320.0,1.0,C ,1.0
1212,jak-pus,25-12-2024,25.4,31.4,27.9,86.0,3.4,0.6,3.0,280.0,1.0,C,2.0
1213,jak-pus,26-01-2021,-,31.8,27.4,83.0,0,6,5.0,280.0,2.0,C ,0.0
1214,jak-pus,26-01-2022,25.0,30.0,27.2,83.0,5.2,1.5,4.0,320.0,1.0,C ,3.0
1215,jak-pus,26-01-2023,26.2,30.4,27.8,79.0,8888,0,3.0,280.0,1.0,C ,3.0
1216,jak-pus,26-01-2024,27.0,32.4,29.1,78.0,0,6.7,10.0,320.0,3.0,NW,3.0
1217,jak-pus,26-02-2021,24,29.6,26.8,86.0,13.9,3.4,3.0,310.0,1.0,C ,1.0
1218,jak-pus,26-02-2022,24.6,32.4,27.9,75.0,2.5,1.2,5.0,260.0,2.0,W ,6.0
1219,jak-pus,26-02-2023,24.6,29.6,26.7,88.0,36.7,0.4,4.0,320.0,1.0,C ,4.0
1220,jak-pus,26-02-2024,25.6,31.0,28.7,79.0,20.8,1.7,4.0,340.0,0.0,C ,5.0
1221,jak-pus,26-03-2021,26,32.6,28.8,76.0,0,5.0,7.0,320.0,2.0,C ,0.0
1222,jak-pus,26-03-2022,26.6,30.0,26.6,88.0,-,4.0,4.0,330.0,1.0,C ,6.0
1223,jak-pus,26-03-2023,24,30.6,26.8,88.0,48.7,3,4.0,300.0,1.0,C ,9.0
1224,jak-pus,26-03-2024,27.4,34.2,30.2,75.0,-,5.0,5.0,120.0,1.0,C ,25.0
1225,jak-pus,26-04-2021,26.8,34.2,30.2,70.0,-,6.8,8.0,340.0,2.0,C ,2.0
1226,jak-pus,26-04-2022,25.6,34.0,29.4,77.0,26.4,7.5,4.0,230.0,1.0,C ,11.0
1227,jak-pus,26-04-2023,26.4,33.2,28.7,80,-,3.2,7.0,320.0,1.0,C ,3.0
1228,jak-pus,26-04-2024,26.4,34.4,30.2,77.0,0.4,0.0,5.0,350.0,1.0,C ,32.0
1229,jak-pus,26-05-2021,25.6,33.4,29.1,76.0,0,5.2,6.0,120.0,2.0,C ,2.0
1230,jak-pus,26-05-2022,25.0,30.6,27.3,84.0,1,1.0,4.0,110.0,0.0,C ,7.0
1231,jak-pus,26-05-2023,27.4,33.8,30.1,72.0,0,5.2,3.0,140.0,1.0,C ,5.0
1232,jak-pus,26-05-2024,26.4,33,29.5,77.0,2.1,0.0,4.0,350.0,1.0,C ,6.0
1233,jak-pus,26-06-2021,25.8,32.6,29.0,78.0,0,5.4,4.0,330.0,1.0,C ,1.0
1234,jak-pus,26-06-2022,26.4,30.6,28.0,80.0,-,3,3.0,330.0,1.0,C ,5.0
1235,jak-pus,26-06-2023,25.2,31.8,28.5,75.0,3.5,2.6,5.0,340.0,1.0,C ,0.0
1236,jak-pus,26-06-2024,25.4,34.4,29.8,75.0,24,2.0,4.0,350.0,1.0,C ,6.0
1237,jak-pus,26-07-2021,24,33.2,28.3,69.0,-,6.5,4.0,100.0,1.0,C ,0.0
1238,jak-pus,26-07-2022,26.4,32.4,29.0,67.0,0,3,3.0,150.0,1.0,C ,5.0
1239,jak-pus,26-07-2023,26,30.8,28.0,74.0,0,3.3,4.0,310.0,1.0,C ,2.0
1240,jak-pus,26-07-2024,26.2,33.2,28.9,71,0,3.6,4.0,360.0,1.0,C,5.0
1241,jak-pus,26-08-2021,26,33.0,28.9,66.0,0,5.7,8.0,350.0,2.0,C ,0.0
1242,jak-pus,26-08-2022,25.0,32.4,28.9,72,-,7.2,4.0,330.0,0.0,C ,0.0
1243,jak-pus,26-08-2023,27,32.2,29.1,74.0,0,7.4,5.0,70.0,1.0,C ,0.0
1244,jak-pus,26-08-2024,26.0,32.8,29.4,70.0,0.0,7.0,6.0,320.0,2.0,C,6.0
1245,jak-pus,26-09-2021,27.2,33.0,29.7,74.0,0,9.8,5.0,110.0,2.0,C ,1.0
1246,jak-pus,26-09-2022,26.6,34.4,30.0,67.0,-,4.0,8.0,320.0,2.0,C ,2.0
1247,jak-pus,26-09-2023,25,34.0,29.5,66.0,-,9.0,4.0,320.0,0.0,C ,2.0
1248,jak-pus,26-09-2024,23.6,33.0,27.6,81.0,44.4,6.2,8.0,300.0,1.0,C,1.0
1249,jak-pus,26-10-2021,26,33.8,29.8,72.0,8888,3.2,5.0,310.0,1.0,C ,0.0
1250,jak-pus,26-10-2022,23.8,31.6,27.0,81.0,17.3,2.0,6.0,320.0,2.0,C ,3.0
1251,jak-pus,26-10-2023,27.2,33.6,30.1,72.0,0,4.4,6.0,340.0,1.0,C ,1.0
1252,jak-pus,26-10-2024,25.4,34.2,30.2,68.0,7.6,5.0,5.0,340.0,1.0,C,0.0
1253,jak-pus,26-11-2021,25.6,34.0,28.2,80.0,8888,2.2,5.0,330.0,2.0,C ,2.0
1254,jak-pus,26-11-2022,25.0,31.4,27.2,82.0,-,0.9,5.0,320.0,1.0,C ,6.0
1255,jak-pus,26-11-2023,24.8,32.8,29.1,75.0,18.1,0,4.0,330.0,1.0,C ,1.0
1256,jak-pus,26-11-2024,26.0,34.0,28.9,76.0,0.0,3.1,5.0,330.0,1.0,C,2.0
1257,jak-pus,26-12-2021,24,31.4,28.6,75.0,9.4,3.0,3.0,320.0,1.0,C ,2.0
1258,jak-pus,26-12-2022,24.8,29.0,26.6,87.0,14.9,0.0,2.0,320.0,0.0,C ,3.0
1259,jak-pus,26-12-2023,25.2,31.0,28.4,80.0,36,2,4.0,320.0,1.0,C ,2.0
1260,jak-pus,26-12-2024,26.0,33.6,29.4,74.0,8.2,0.0,6.0,240.0,1.0,C,0.0
1261,jak-pus,27-01-2021,23.4,30.0,25.9,86.0,7,3.1,6.0,260.0,2.0,W ,0.0
1262,jak-pus,27-01-2022,25.6,31.8,28.1,80.0,8888,0.0,5.0,340.0,2.0,C ,4.0
1263,jak-pus,27-01-2023,26,29.6,27.6,80.0,27.5,2.4,5.0,310.0,1.0,C ,3.0
1264,jak-pus,27-01-2024,25.6,28.4,26.3,90.0,14,2.5,3.0,330.0,0.0,C ,5.0
1265,jak-pus,27-02-2021,25,31.6,28.1,82.0,3.9,1.2,5.0,320.0,1.0,C ,2.0
1266,jak-pus,27-02-2022,25.6,31.2,27.5,79.0,-,2.2,7.0,300.0,2.0,C ,1.0
1267,jak-pus,27-02-2023,24.8,30.0,27.1,84.0,38.9,0.5,5.0,315.0,1.0,C ,4.0
1268,jak-pus,27-02-2024,26.2,32.2,29.1,78.0,0,2.5,6.0,340.0,1.0,C ,10.0
1269,jak-pus,27-03-2021,26.8,32.0,28.3,82.0,0,8.4,5.0,290.0,2.0,C ,0.0
1270,jak-pus,27-03-2022,24.2,32.6,27.5,85.0,22.5,0.0,9.0,260.0,2.0,C ,2.0
1271,jak-pus,27-03-2023,-,32.4,27.4,84.0,8888,6.5,5.0,315.0,1.0,C ,6.0
1272,jak-pus,27-03-2024,27.2,30.8,28.3,82.0,0.4,5.2,3.0,340.0,1.0,C ,20.0
1273,jak-pus,27-04-2021,27.2,34.2,29.9,73.0,0,6.5,3.0,120.0,1.0,C ,2.0
1274,jak-pus,27-04-2022,26.6,32.8,29.1,78.0,8888,6.5,7.0,320.0,1.0,C ,4.0
1275,jak-pus,27-04-2023,27.0,33.0,29.6,79,1.3,7.4,3.0,330.0,1.0,C ,4.0
1276,jak-pus,27-04-2024,27.4,34.4,29.5,78.0,0,7.0,3.0,150.0,1.0,C ,25.0
1277,jak-pus,27-05-2021,26.8,33.6,29.7,73.0,0,6.4,5.0,90.0,1.0,C ,5.0
1278,jak-pus,27-05-2022,24.8,33.2,28.2,80.0,8888,0.0,7.0,320.0,1.0,C ,4.0
1279,jak-pus,27-05-2023,27.2,33.4,29.5,76.0,-,4.4,2.0,110.0,1.0,C ,1.0
1280,jak-pus,27-05-2024,26.8,35.6,31.0,70.0,-,0.4,4.0,350.0,1.0,C ,9.0
1281,jak-pus,27-06-2021,26.4,33.0,28.9,78.0,0,4.5,6.0,320.0,1.0,C ,0.0
1282,jak-pus,27-06-2022,24.8,33.0,28.8,77.0,-,0,4.0,340.0,0.0,C ,7.0
1283,jak-pus,27-06-2023,26.6,32.2,28.8,76.0,0,3.7,5.0,320.0,1.0,C ,1.0
1284,jak-pus,27-06-2024,26,33.2,29.7,77.0,-,7.0,3.0,20.0,1.0,C ,2.0
1285,jak-pus,27-07-2021,24.6,33.6,28.4,66.0,-,6.5,5.0,20.0,1.0,C ,0.0
1286,jak-pus,27-07-2022,26.2,33.6,28.9,69.0,0,7,5.0,120.0,1.0,C ,9.0
1287,jak-pus,27-07-2023,26.4,32.6,29.0,72.0,-,1.5,5.0,320.0,1.0,C ,4.0
1288,jak-pus,27-07-2024,26.4,34.4,29.5,69,0,4.2,5.0,360.0,1.0,C,0.0
1289,jak-pus,27-08-2021,25.6,33.2,28.6,71.0,-,7.5,4.0,340.0,1.0,C ,1.0
1290,jak-pus,27-08-2022,26.4,32.4,28.6,76,0,1.5,5.0,330.0,1.0,C ,3.0
1291,jak-pus,27-08-2023,27.4,32.2,29.0,76.0,0,4.5,2.0,30.0,1.0,C ,0.0
1292,jak-pus,27-08-2024,26.6,33.4,29.1,71.0,0.0,7.4,6.0,340.0,1.0,C,1.0
1293,jak-pus,27-09-2021,26.2,32.6,29.1,79.0,17.6,8,4.0,300.0,1.0,C ,3.0
1294,jak-pus,27-09-2022,24.6,32.4,28.7,73.0,10.5,4.6,6.0,320.0,1.0,C ,3.0
1295,jak-pus,27-09-2023,26,35.0,29.8,58.0,0,9.0,3.0,130.0,1.0,C ,1.0
1296,jak-pus,27-09-2024,25.0,33.6,28.7,81.0,55.0,6.0,3.0,80.0,0.0,C,0.0
1297,jak-pus,27-10-2021,26.4,32.8,28.7,80.0,1.2,6.0,7.0,330.0,2.0,C ,1.0
1298,jak-pus,27-10-2022,24.0,32.4,28.5,74.0,8888,1.0,4.0,310.0,2.0,C ,3.0
1299,jak-pus,27-10-2023,27,33.8,30.1,72.0,0,7.0,3.0,260.0,0.0,C ,3.0
1300,jak-pus,27-10-2024,27.4,34.2,30.1,71.0,0.0,8.0,8.0,330.0,2.0,C,1.0
1301,jak-pus,27-11-2021,25.2,32.6,27.6,78.0,34,4.0,4.0,270.0,2.0,W ,2.0
1302,jak-pus,27-11-2022,24.4,31.2,27.7,80.0,17.2,0.0,4.0,320.0,1.0,C ,5.0
1303,jak-pus,27-11-2023,26.4,32.2,28.2,78.0,-,5.2,3.0,320.0,1.0,C ,0.0
1304,jak-pus,27-11-2024,27.2,32.6,29.0,79.0,1.6,5.5,6.0,340.0,1.0,C,1.0
1305,jak-pus,27-12-2021,24.2,30.8,28.3,78.0,-,5.0,7.0,330.0,2.0,C ,1.0
1306,jak-pus,27-12-2022,23.6,29.2,26.3,81.0,6.3,0.0,4.0,316.0,1.0,C ,5.0
1307,jak-pus,27-12-2023,26.4,33.2,28.7,80.0,0,0,9.0,320.0,1.0,C ,2.0
1308,jak-pus,27-12-2024,25.2,32.4,29.2,78.0,0.0,1.2,5.0,280.0,2.0,C,3.0
1309,jak-pus,28-01-2021,24,28.8,25.7,87.0,1.2,0.2,6.0,210.0,2.0,C ,0.0
1310,jak-pus,28-01-2022,25.6,32.4,28.7,78.0,5.2,6.0,5.0,270.0,1.0,C ,1.0
1311,jak-pus,28-01-2023,24.5,28.8,25.6,94.0,26.9,0,3.0,310.0,0.0,C ,4.0
1312,jak-pus,28-01-2024,25.0,30.6,27.4,85.0,28,0.0,5.0,320.0,1.0,C ,3.0
1313,jak-pus,28-02-2021,26,34.0,29.5,70.0,-,5.0,6.0,270.0,2.0,W ,1.0
1314,jak-pus,28-02-2022,25.0,31.0,28.1,78.0,1,2.0,8.0,230.0,2.0,C ,5.0
1315,jak-pus,28-02-2023,24.8,31.6,27.0,84.0,20.3,1.5,4.0,230.0,1.0,C ,6.0
1316,jak-pus,28-02-2024,24.8,30.8,27.6,88.0,38.5,5.2,4.0,350.0,1.0,C ,8.0
1317,jak-pus,28-03-2021,25,32.8,28.8,79.0,4.5,2.3,5.0,310.0,1.0,C ,1.0
1318,jak-pus,28-03-2022,25,32.2,28.0,81.0,14.4,7.4,8.0,340.0,1.0,C ,12.0
1319,jak-pus,28-03-2023,26,29.6,27.3,86.0,4.2,3,4.0,317.0,0.0,C ,6.0
1320,jak-pus,28-03-2024,26,32.4,29.3,77.0,-,0.0,6.0,320.0,1.0,C ,20.0
1321,jak-pus,28-04-2021,26.4,32.2,28.8,78.0,0,7.0,5.0,340.0,1.0,C ,3.0
1322,jak-pus,28-04-2022,24.0,31.6,27.6,83.0,7.5,2.5,5.0,270.0,2.0,W ,7.0
1323,jak-pus,28-04-2023,27.4,32.8,29.4,79,0,5.8,4.0,320.0,1.0,C ,2.0
1324,jak-pus,28-04-2024,26.2,33.6,30.2,78.0,2,5.5,6.0,360.0,1.0,C ,21.0
1325,jak-pus,28-05-2021,27,34.0,29.8,74.0,0,6.7,3.0,50.0,2.0,C ,4.0
1326,jak-pus,28-05-2022,23.4,30.0,25.6,86.0,18.6,6.5,4.0,280.0,1.0,C ,9.0
1327,jak-pus,28-05-2023,25.8,32.6,28.7,80.0,17.8,2.5,5.0,310.0,1.0,C ,3.0
1328,jak-pus,28-05-2024,27,34,30.7,74.0,-,6.0,9.0,360.0,2.0,C ,15.0
1329,jak-pus,28-06-2021,25,32.6,28.4,78.0,8888,4,4.0,330.0,1.0,C ,0.0
1330,jak-pus,28-06-2022,25.2,31.8,28.0,78.0,21.7,3.4,5.0,350.0,1.0,C ,4.0
1331,jak-pus,28-06-2023,26,33.6,29.1,68.0,0,4.0,5.0,317.0,1.0,C ,2.0
1332,jak-pus,28-06-2024,27.4,33.4,29.6,78.0,2.5,5.5,5.0,300.0,1.0,C ,4.0
1333,jak-pus,28-07-2021,25,33.6,28.5,64.0,0,6.9,4.0,90.0,1.0,C ,0.0
1334,jak-pus,28-07-2022,26.4,33.0,29.2,70.0,-,5,3.0,150.0,1.0,C ,3.0
1335,jak-pus,28-07-2023,25,33.2,28.9,68.0,-,1,6.0,320.0,1.0,C ,3.0
1336,jak-pus,28-07-2024,25,32.4,29,72,0,6.5,3.0,330.0,1.0,C,3.0
1337,jak-pus,28-08-2021,26.2,33.4,29.8,63.0,-,7.0,3.0,140.0,1.0,C ,0.0
1338,jak-pus,28-08-2022,26.4,30.6,28.4,78,-,1.2,3.0,330.0,1.0,C ,1.0
1339,jak-pus,28-08-2023,25.6,33.6,28.7,71.0,1.8,5.0,3.0,330.0,1.0,C ,1.0
1340,jak-pus,28-08-2024,26.8,33.4,28.7,64.0,0.0,7.5,7.0,330.0,2.0,C,5.0
1341,jak-pus,28-09-2021,25.0,33.2,29.0,80.0,7.5,7,5.0,330.0,2.0,C ,2.0
1342,jak-pus,28-09-2022,26.4,32.4,29.6,67.0,0,9.4,8.0,340.0,2.0,C ,0.0
1343,jak-pus,28-09-2023,-,35.2,30.0,58.0,0,9.8,7.0,80.0,1.0,C ,0.0
1344,jak-pus,28-09-2024,25.6,34.6,30.6,73.0,0.0,8.0,5.0,60.0,2.0,C,2.0
1345,jak-pus,28-10-2021,25.4,31.4,27.3,86.0,28.1,3.4,4.0,30.0,1.0,C ,1.0
1346,jak-pus,28-10-2022,24.8,35.4,29.8,60.0,-,1.2,5.0,320.0,1.0,C ,5.0
1347,jak-pus,28-10-2023,27,33.6,30.3,68.0,-,7.0,5.0,320.0,1.0,C ,1.0
1348,jak-pus,28-10-2024,27.2,34.6,30.2,67.0,0.0,8.0,7.0,340.0,1.0,C,4.0
1349,jak-pus,28-11-2021,24.0,32.8,28.1,74.0,5,4.5,8.0,260.0,4.0,W ,3.0
1350,jak-pus,28-11-2022,25.4,31.4,28.6,79.0,2,7.4,7.0,317.0,1.0,C ,3.0
1351,jak-pus,28-11-2023,26.4,33,29.5,73.0,-,0,5.0,320.0,0.0,C ,2.0
1352,jak-pus,28-11-2024,25.4,33.8,29.4,72.0,50.0,2.3,5.0,240.0,2.0,W,3.0
1353,jak-pus,28-12-2021,26.2,31.6,27.9,82.0,8888,7.2,8.0,340.0,2.0,C ,3.0
1354,jak-pus,28-12-2022,24.2,29.8,25.9,84.0,0.9,0.0,8.0,320.0,2.0,C ,4.0
1355,jak-pus,28-12-2023,26.6,33.2,29.9,76.0,2.5,3.8,4.0,320.0,1.0,C ,1.0
1356,jak-pus,28-12-2024,27.2,34.2,30.0,70.0,0.0,3.8,4.0,300.0,2.0,C,6.0
1357,jak-pus,29-01-2021,24,29.4,26.2,87.0,38.4,0.3,4.0,290.0,1.0,C ,0.0
1358,jak-pus,29-01-2022,25.8,30.8,27.9,80.0,0,3.0,6.0,350.0,2.0,C ,7.0
1359,jak-pus,29-01-2023,24,29.2,26.7,86.0,27,0,6.0,290.0,1.0,C ,5.0
1360,jak-pus,29-01-2024,24.0,29.8,27.2,88.0,24,1.2,5.0,320.0,1.0,C ,3.0
1361,jak-pus,29-02-2024,25.0,27.0,26.1,92.0,75.5,0.3,2.0,320.0,0.0,C ,6.0
1362,jak-pus,29-03-2021,26.4,32.0,28.3,82.0,-,8.5,8.0,330.0,2.0,C ,2.0
1363,jak-pus,29-03-2022,25.4,32.8,29.3,74.0,0,7.4,5.0,320.0,2.0,C ,8.0
1364,jak-pus,29-03-2023,25.6,32.6,27.5,79.0,-,0,6.0,315.0,1.0,C ,6.0
1365,jak-pus,29-03-2024,26.8,33.4,29.8,75.0,0,5.5,3.0,90.0,0.0,C ,24.0
1366,jak-pus,29-04-2021,25.4,33.4,29.0,76.0,56.2,3.0,5.0,270.0,1.0,C ,0.0
1367,jak-pus,29-04-2022,25.4,34.0,29.3,78.0,8888,0.8,5.0,260.0,1.0,W ,4.0
1368,jak-pus,29-04-2023,26.0,32.6,28.6,83,0,4.7,4.0,320.0,1.0,C ,4.0
1369,jak-pus,29-04-2024,26.8,35.0,31.3,74.0,-,2.7,5.0,360.0,2.0,C ,19.0
1370,jak-pus,29-05-2021,26.8,30.0,27.5,83.0,-,6.5,3.0,320.0,1.0,C ,4.0
1372,jak-pus,29-05-2022,23.2,32.8,26.8,83.0,27.3,1.3,5.0,280.0,1.0,C ,5.0
1373,jak-pus,29-05-2023,25.8,32.6,29.9,75.0,-,2.5,3.0,150.0,1.0,C ,4.0
1374,jak-pus,29-05-2024,28,34.2,30.8,73.0,0,6.4,3.0,360.0,1.0,C ,12.0
1375,jak-pus,29-06-2021,-,32.2,28.5,74.0,-,1,7.0,330.0,2.0,C ,0.0
1376,jak-pus,29-06-2022,25.4,32.6,28.4,70.0,-,4,8.0,320.0,1.0,C ,1.0
1377,jak-pus,29-06-2023,25.2,33.0,28.7,77.0,30.6,4.2,5.0,317.0,1.0,C ,0.0
1378,jak-pus,29-06-2024,-,-,-,82.0,-,6.5,4.0,320.0,1.0,C ,0.0
1379,jak-pus,29-07-2021,25.4,32.8,28.6,67.0,0,6.5,5.0,290.0,2.0,C ,0.0
1380,jak-pus,29-07-2022,25,33.6,29.2,73.0,-,5.8,4.0,120.0,0.0,C ,8.0
1381,jak-pus,29-07-2023,26,32.8,28.6,67.0,0,6.3,3.0,150.0,2.0,E ,1.0
1382,jak-pus,29-07-2024,26.4,34.0,29.3,68,0,6.2,3.0,70.0,1.0,C,5.0
1383,jak-pus,29-08-2021,27.2,32.0,28.6,72.0,0,6.5,4.0,340.0,1.0,C ,1.0
1384,jak-pus,29-08-2022,25.8,32.6,28.4,77,0,2.5,7.0,340.0,2.0,C ,1.0
1385,jak-pus,29-08-2023,25,33.2,28.7,71.0,-,5.0,0.0,0.0,0.0,C ,5.0
1386,jak-pus,29-08-2024,27.0,33.6,30.4,65.0,0.0,7.0,5.0,320.0,1.0,C,3.0
1387,jak-pus,29-09-2021,26.6,32.6,29.4,74.0,-,6.5,5.0,320.0,2.0,C ,1.0
1388,jak-pus,29-09-2022,27.2,32.2,29.6,70.0,0,4.5,5.0,330.0,1.0,C ,2.0
1389,jak-pus,29-09-2023,26.8,36.8,30.4,59.0,0,9.5,3.0,130.0,1.0,C ,1.0
1390,jak-pus,29-09-2024,27.6,34.4,30.1,73.0,0.0,6.3,3.0,120.0,1.0,C,1.0
1391,jak-pus,29-10-2021,25,32.8,28.6,74.0,7.8,2.0,5.0,320.0,2.0,C ,0.0
1392,jak-pus,29-10-2022,24.6,32.4,29.2,70.0,-,5.5,4.0,320.0,1.0,C ,1.0
1393,jak-pus,29-10-2023,27,34.0,29.8,69.0,0,8.0,3.0,250.0,1.0,C ,3.0
1394,jak-pus,29-10-2024,26.0,34.0,30.8,69.0,0.0,0.6,4.0,300.0,1.0,C,2.0
1395,jak-pus,29-11-2021,25.6,32.4,28.4,76.0,0.3,1.2,4.0,270.0,2.0,W ,3.0
1396,jak-pus,29-11-2022,24.6,33,28.6,78.0,16.8,3.2,8.0,320.0,2.0,C ,3.0
1397,jak-pus,29-11-2023,-,34.2,29.8,76.0,2.5,-,2.0,20.0,0.0,C ,1.0
1398,jak-pus,29-11-2024,26.4,35.0,29.8,67.0,0.6,2.0,10.0,260.0,2.0,C,3.0
1399,jak-pus,29-12-2021,24.6,30.8,28.3,80.0,9,3.8,4.0,320.0,1.0,C ,2.0
1400,jak-pus,29-12-2022,23.4,29.2,26.2,84.0,34,0.8,5.0,320.0,1.0,C ,4.0
1401,jak-pus,29-12-2023,27.2,33.0,29.3,79.0,-,-,5.0,320.0,1.0,C ,1.0
1402,jak-pus,29-12-2024,27.8,33.0,29.7,73.0,0.0,3.0,3.0,270.0,1.0,C,0.0
1403,jak-pus,30-01-2021,24.2,29.8,26.6,86.0,26.2,2.8,5.0,290.0,2.0,C ,1.0
1404,jak-pus,30-01-2022,25.0,31.8,28.0,81.0,-,0.6,7.0,340.0,2.0,C ,3.0
1405,jak-pus,30-01-2023,25,30.2,28.0,76.0,8888,0,5.0,320.0,1.0,C ,2.0
1406,jak-pus,30-01-2024,24.6,32.8,26.9,88.0,17.6,0.8,5.0,320.0,1.0,C ,2.0
1407,jak-pus,30-03-2021,27,29.4,27.8,86.0,3.5,1.3,2.0,70.0,1.0,C ,3.0
1408,jak-pus,30-03-2022,26.6,32.6,29.1,76.0,-,4.5,4.0,320.0,1.0,C ,7.0
1409,jak-pus,30-03-2023,-,31.8,26.3,92.0,-,-,4.0,290.0,0.0,C ,6.0
1410,jak-pus,30-03-2024,27.2,33.6,29.7,77.0,-,6.2,3.0,340.0,1.0,C ,22.0
1411,jak-pus,30-04-2021,25.2,32.0,28.6,80.0,-,6.8,4.0,340.0,1.0,C ,3.0
1412,jak-pus,30-04-2022,26.6,32.2,28.4,81.0,0,4.0,4.0,330.0,1.0,C ,7.0
1413,jak-pus,30-04-2023,25.0,33.0,29.6,76,-,3.0,5.0,300.0,1.0,C ,3.0
1414,jak-pus,30-04-2024,28,34.4,31.0,74.0,0,6.8,4.0,350.0,1.0,C ,28.0
1415,jak-pus,30-05-2021,25.2,33.0,28.5,80.0,9.5,0.4,4.0,320.0,1.0,C ,0.0
1416,jak-pus,30-05-2022,24.0,31.0,27.3,82.0,0.3,4.5,3.0,270.0,1.0,C ,8.0
1417,jak-pus,30-05-2023,27.8,32.8,29.6,75.0,0,3.7,7.0,320.0,1.0,C ,1.0
1418,jak-pus,30-05-2024,28,33.4,30.6,74.0,0,4.4,2.0,130.0,1.0,C ,5.0
1419,jak-pus,30-06-2021,26,30.2,27.5,82.0,0.4,4.2,4.0,330.0,1.0,C ,0.0
1420,jak-pus,30-06-2022,25.2,31.6,27.7,74.0,0,6,6.0,320.0,2.0,C ,4.0
1421,jak-pus,30-06-2023,-,33.2,29.1,76.0,0,3.5,7.0,70.0,2.0,C ,0.0
1422,jak-pus,30-06-2024,25.4,33,29.4,76.0,3,0.6,7.0,330.0,2.0,C ,5.0
1423,jak-pus,30-07-2021,25,33.0,29.0,72.0,-,5.7,5.0,350.0,1.0,C ,0.0
1424,jak-pus,30-07-2022,26.8,32.2,28.8,77.0,0,5.8,4.0,70.0,2.0,C ,7.0
1425,jak-pus,30-07-2023,25.6,33.2,28.5,66.0,0,6,5.0,190.0,2.0,C ,2.0
1426,jak-pus,30-07-2024,26.2,33.6,29.3,69,0,6.5,7.0,360.0,1.0,C,2.0
1427,jak-pus,30-08-2021,25.4,31.6,28.7,77.0,-,0.5,7.0,320.0,2.0,C ,0.0
1428,jak-pus,30-08-2022,25.0,32.8,28.5,72,-,2.2,5.0,330.0,1.0,C ,2.0
1429,jak-pus,30-08-2023,26,32.2,28.5,72.0,0,7.5,5.0,80.0,2.0,C ,0.0
1430,jak-pus,30-08-2024,25.0,33.2,28.8,67.0,0.0,4.2,6.0,330.0,1.0,C,8.0
1431,jak-pus,30-09-2021,27.4,32.4,29.6,72.0,0,8,6.0,330.0,1.0,C ,0.0
1432,jak-pus,30-09-2022,26.6,32.6,29.0,72.0,-,2.0,3.0,150.0,0.0,C ,6.0
1433,jak-pus,30-09-2023,25.6,33.0,29.1,70.0,-,9.2,3.0,280.0,1.0,C ,5.0
1434,jak-pus,30-09-2024,27.2,34.6,30.1,71.0,0.0,7.0,3.0,70.0,1.0,C,2.0
1435,jak-pus,30-10-2021,26,33.0,29.3,73.0,-,8.0,6.0,340.0,2.0,C ,0.0
1436,jak-pus,30-10-2022,26.6,33.0,29.1,68.0,0,6.8,5.0,300.0,1.0,C ,3.0
1437,jak-pus,30-10-2023,27,33.8,30.7,67.0,0,7.8,5.0,300.0,1.0,C ,3.0
1438,jak-pus,30-10-2024,28.0,34.4,30.9,65.0,0.0,6.5,5.0,210.0,1.0,C,1.0
1439,jak-pus,30-11-2021,26.6,31.8,28.9,75.0,0,5.0,6.0,340.0,1.0,C ,3.0
1440,jak-pus,30-11-2022,25.0,33,28.2,78.0,-,8.5,3.0,315.0,0.0,C ,3.0
1441,jak-pus,30-11-2023,25.8,32.6,28.3,80.0,18.1,6.2,5.0,330.0,1.0,C ,0.0
1442,jak-pus,30-11-2024,25.0,35.2,30.4,66.0,0.0,0.9,5.0,230.0,2.0,W,0.0
1443,jak-pus,30-12-2021,26,30.2,27.7,84.0,0,2.0,5.0,320.0,1.0,C ,6.0
1444,jak-pus,30-12-2022,24.0,30.6,26.3,87.0,1.2,0.6,3.0,314.0,0.0,C ,3.0
1445,jak-pus,30-12-2023,26.4,32.6,29.2,79.0,2,4,5.0,330.0,1.0,C ,3.0
1446,jak-pus,30-12-2024,24.8,32.4,28.4,76.0,1.0,1.8,6.0,240.0,2.0,SW,5.0
1447,jak-pus,31-01-2021,24.2,29.2,26.6,87.0,20.5,1.3,4.0,300.0,1.0,C ,0.0
1448,jak-pus,31-01-2022,26.0,31.6,28.0,78.0,0,3.7,9.0,330.0,2.0,C ,3.0
1449,jak-pus,31-01-2023,-,29.2,27.8,80.0,-,3,3.0,280.0,1.0,C ,3.0
1450,jak-pus,31-01-2024,25.0,31.4,27.9,81.0,110.5,0.7,4.0,320.0,1.0,C ,2.0
1451,jak-pus,31-03-2021,26,33.0,28.5,79.0,0.6,1.0,6.0,290.0,2.0,C ,3.0
1452,jak-pus,31-03-2022,-,32.8,28.9,78.0,-,1.8,9.0,320.0,2.0,C ,14.0
1453,jak-pus,31-03-2023,25,33.2,28.8,70.0,3.2,4,9.0,315.0,2.0,C ,3.0
1454,jak-pus,31-03-2024,27.4,33.4,28.9,82.0,-,4.5,8.0,340.0,1.0,C ,20.0
1455,jak-pus,31-05-2021,26,32.4,29.3,79.0,-,6,3.0,350.0,1.0,C ,5.0
1456,jak-pus,31-05-2022,24.8,32.4,27.4,80.0,0,1.8,5.0,320.0,2.0,C ,7.0
1457,jak-pus,31-05-2023,27.2,32.4,29.8,73.0,0,4.0,3.0,313.0,0.0,C ,4.0
1458,jak-pus,31-05-2024,28,34.6,30.8,74.0,-,5.2,4.0,340.0,1.0,C ,13.0
1459,jak-pus,31-07-2021,26.6,31.6,29.0,70.0,-,7.0,6.0,330.0,2.0,C ,0.0
1460,jak-pus,31-07-2022,26.4,32.2,28.7,77.0,-,6,3.0,60.0,1.0,C ,10.0
1461,jak-pus,31-07-2023,-,33.0,28.2,65.0,-,4.8,4.0,320.0,1.0,C ,1.0
1462,jak-pus,31-07-2024,26.8,33.6,29.4,72,0,7,3.0,340.0,1.0,C,10.0
1463,jak-pus,31-08-2021,26.8,32.6,29.3,79.0,-,2.0,4.0,320.0,1.0,C ,1.0
1464,jak-pus,31-08-2022,26.4,33.0,29.3,70,0,7.0,5.0,120.0,1.0,C ,2.0
1465,jak-pus,31-08-2023,25.2,32.2,28.2,73.0,0,7.5,5.0,330.0,1.0,C ,2.0
1466,jak-pus,31-08-2024,26.4,33.4,28.6,70.0,0.0,3.5,6.0,320.0,1.0,C,1.0
1467,jak-pus,31-10-2021,26.6,32.8,28.9,77.0,0.8,7.2,4.0,340.0,1.0,C ,0.0
1468,jak-pus,31-10-2022,27.0,32.0,29.4,71.0,0,7.5,3.0,310.0,0.0,C ,3.0
1469,jak-pus,31-10-2023,27.8,33.6,29.8,74.0,-,6.5,5.0,330.0,1.0,C ,2.0
1470,jak-pus,31-10-2024,27.4,34.6,30.4,70.0,0.0,6.5,3.0,340.0,1.0,C,2.0
1471,jak-pus,31-12-2021,25.8,33.6,29.2,74.0,0.8,0.0,4.0,260.0,1.0,C ,1.0
1472,jak-pus,31-12-2022,24.6,29.6,26.2,86.0,4.6,0.0,7.0,310.0,1.0,C ,5.0
1473,jak-pus,31-12-2023,27.2,32.2,28.3,80.0,0,2.4,5.0,290.0,1.0,C ,0.0
1474,jak-pus,31-12-2024,25.2,32.4,28.4,76.0,1.6,2.4,5.0,270.0,2.0,W,2.0
1475,jak-ut,01-01-2021,25,29.8,26.9,85.0,7.7,0.0,4.0,310.0,2.0,W ,2.0
1476,jak-ut,01-01-2022,-,32.6,28.9,76.0,8888.0,5.2,6.0,280.0,3.0,W ,9.0
1477,jak-ut,01-01-2023,23.8,29.8,25.9,93.0,38,1.3,6.0,280.0,2.0,C ,5.0
1478,jak-ut,01-01-2024,24.2,32.2,29.8,80.0,0.8,7.8,3.0,310.0,1.0,C ,1.0
1479,jak-ut,01-02-2021,25.0,30.8,27.7,84.0,-,0.0,9.0,310.0,3.0,N ,1.0
1480,jak-ut,01-02-2022,26.8,32.2,29.1,78.0,0.0,6.7,5.0,359.0,2.0,C ,6.0
1481,jak-ut,01-02-2023,26.4,29.8,27.5,88.0,0.4,0.2,4.0,340.0,1.0,C ,10.0
1482,jak-ut,01-02-2024,25.2,32,28.1,86.0,2,2.7,4.0,320.0,2.0,C ,9.0
1483,jak-ut,01-03-2021,26.7,32.2,29.0,76.0,0.3,2.7,5.0,260.0,3.0,N ,0.0
1484,jak-ut,01-03-2022,24.6,29.3,26.6,85.0,9.4,2.3,8.0,280.0,4.0,W ,18.0
1485,jak-ut,01-03-2023,25,29.4,26.7,89.0,11,5.3,5.0,300.0,2.0,W ,11.0
1486,jak-ut,01-03-2024,24,32.3,29.4,79.0,32.5,0.0,5.0,270.0,2.0,C ,21.0
1487,jak-ut,01-04-2021,26.2,30.0,27.7,86.0,0.7,7.7,8.0,290.0,4.0,W ,5.0
1488,jak-ut,01-04-2022,26.6,31.2,28.8,80.0,-,7.9,4.0,100.0,2.0,W ,16.0
1489,jak-ut,01-04-2023,26.4,31.2,28.4,78,-,4.2,8,250,4,W ,14.0
1490,jak-ut,01-04-2024,27.8,33.6,30.1,81.0,0.4,6.3,4.0,80.0,1.0,C ,45.0
1491,jak-ut,01-05-2021,27.2,33.4,29.9,83.0,0,2.4,6.0,50.0,4.0,SE,8.0
1492,jak-ut,01-05-2022,27,31.5,28.9,83.0,0.3,3.3,4.0,40.0,1.0,C ,11.0
1493,jak-ut,01-05-2023,-,31.4,29.1,82.0,-,6.7,3.0,330.0,1.0,C ,9.0
1494,jak-ut,01-05-2024,-,33.2,30.5,81.0,0,6.4,5.0,50.0,2.0,C ,34.0
1495,jak-ut,01-06-2021,27.5,32.7,29.8,78.0,0,8.2,5.0,30.0,2.0,SE,5.0
1497,jak-ut,01-06-2022,25.8,33.2,28.9,77.0,-,6.8,6.0,270.0,1.0,C ,14.0
1498,jak-ut,01-06-2023,27.4,32.4,29.4,77.0,0,8.4,5.0,40.0,2.0,C ,5.0
1499,jak-ut,01-06-2024,28.8,32.2,29.9,79.0,0,8.0,4.0,130.0,1.0,C ,14.0
1500,jak-ut,01-07-2021,26,30.8,26.2,88.0,1.6,1.2,3.0,70.0,1.0,C ,2.0
1501,jak-ut,01-07-2022,25.8,32.9,28.5,76,-,8.1,3.0,80.0,2.0,SE,19.0
1502,jak-ut,01-07-2023,27.2,32.4,29.5,79.0,0,7.3,4.0,60.0,1.0,C ,5.0
1503,jak-ut,01-07-2024,25.6,32.6,29.3,80,0,8.7,5.0,10.0,1.0,C ,17.0
1504,jak-ut,01-08-2021,26,31.6,28.5,76.0,1.9,2.1,4.0,40.0,2.0,S ,1.0
1505,jak-ut,01-08-2022,26.2,32.9,28.7,76.0,-,7.4,5.0,120.0,3.0,S ,24.0
1506,jak-ut,01-08-2023,25.4,34.0,29.0,75.0,-,8.8,7.0,50.0,4.0,NE,3.0
1507,jak-ut,01-08-2024,27.0,32.6,29.5,76.0,0.0,8.0,5.0,330.0,1.0,C,20.0
1508,jak-ut,01-09-2021,27.0,33.4,29.3,71.0,8888,0.7,6.0,50.0,2.0,E ,4.0
1509,jak-ut,01-09-2022,27.3,33.0,29.5,76.0,-,4.4,6.0,100.0,3.0,E ,12.0
1510,jak-ut,01-09-2023,25.6,31.8,28.2,74.0,0,8.3,4.0,170.0,1.0,C ,5.0
1511,jak-ut,01-09-2024,26.0,32.4,28.9,77.0,0.0,8.0,5.0,40.0,2.0,C,6.0
1512,jak-ut,01-10-2021,25.9,31.4,29,75,25.1,10.7,5.0,50.0,2.0,NE,7.0
1513,jak-ut,01-10-2022,27.6,32.8,29.9,77.0,0,4.3,5.0,30.0,2.0,E ,9.0
1514,jak-ut,01-10-2023,27.2,32.2,29.3,74.0,0,8.9,6.0,30.0,2.0,C ,1.0
1515,jak-ut,01-10-2024,25.8,33.4,30.1,76.0,0.0,8.0,4.0,80.0,1.0,C,2.0
1516,jak-ut,01-11-2021,26.6,31.5,28.1,84.0,2.2,6.6,4.0,180.0,2.0,S ,6.0
1517,jak-ut,01-11-2022,27,31.8,29.2,78.0,-,8.3,5.0,20.0,2.0,C ,13.0
1518,jak-ut,01-11-2023,26,33.8,30.2,78.0,2.5,8.9,7.0,10.0,2.0,C ,3.0
1519,jak-ut,01-11-2024,27.5,34.2,30.2,73.0,0.0,6.6,5.0,110.0,2.0,C,4.0
1520,jak-ut,01-12-2021,27.6,34.4,30.3,61.0,0.0,0.7,5.0,260.0,3.0,W ,7.0
1521,jak-ut,01-12-2022,26.2,32.4,28.9,79.0,-,0.7,3.0,180.0,1.0,C ,10.0
1522,jak-ut,01-12-2023,25.6,30.2,27.2,90.0,3,3.8,5.0,280.0,2.0,C ,2.0
1523,jak-ut,01-12-2024,28.3,35.4,31.0,67.0,8888.0,3.6,8.0,260.0,4.0,W,5.0
1524,jak-ut,02-01-2021,25,30.8,27.3,82.0,0.5,2.9,6.0,320.0,3.0,NW,0.0
1525,jak-ut,02-01-2022,26.5,32.4,28.6,79.0,0.0,4.7,5.0,270.0,2.0,W ,6.0
1526,jak-ut,02-01-2023,23.4,30,27.2,88.0,134.4,0.1,5.0,290.0,3.0,W ,5.0
1527,jak-ut,02-01-2024,27.4,32.4,30.0,81.0,-,2.6,5.0,300.0,3.0,W ,3.0
1528,jak-ut,02-02-2021,25.4,30.4,27.8,84.0,22.3,4.4,6.0,290.0,3.0,W ,1.0
1529,jak-ut,02-02-2022,24.2,30.6,28.0,83.0,28.1,7.3,5.0,320.0,2.0,C ,8.0
1530,jak-ut,02-02-2023,24.4,30.6,28.0,86.0,82.5,1.4,15.0,270.0,2.0,C ,11.0
1531,jak-ut,02-02-2024,25,32.6,28.2,84.0,20,6.9,8.0,330.0,3.0,NW,8.0
1532,jak-ut,02-03-2021,24.2,31.0,26.8,89.0,46.7,6.6,3.0,320.0,1.0,C ,1.0
1533,jak-ut,02-03-2022,24.6,31.7,27,84.0,4.2,0.9,7.0,270.0,4.0,W ,9.0
1534,jak-ut,02-03-2023,24.2,26.5,25.1,94.0,59.4,2.4,4.0,290.0,2.0,W ,7.0
1535,jak-ut,02-03-2024,26.2,30.6,28.3,84.0,0.2,7.9,6.0,280.0,1.0,C ,13.0
1536,jak-ut,02-04-2021,26.2,32.0,29.3,82.0,0,0.0,4.0,30.0,2.0,C ,2.0
1537,jak-ut,02-04-2022,27,32.7,29.6,73.0,0.5,0.0,4.0,290.0,2.0,W ,25.0
1538,jak-ut,02-04-2023,26.4,31.6,28.4,83,0.2,1.8,7,300,2,NW,11.0
1539,jak-ut,02-04-2024,28,34.0,29.9,82.0,0,5.8,4.0,240.0,1.0,C ,43.0
1540,jak-ut,02-05-2021,27.6,33.2,29.9,82.0,0,8.2,5.0,60.0,3.0,E ,6.0
1541,jak-ut,02-05-2022,-,32.0,27.8,85.0,0.5,4.8,6.0,160.0,1.0,C ,13.0
1542,jak-ut,02-05-2023,27.5,32.2,29.5,81.0,0,3.6,5.0,40.0,2.0,C ,17.0
1543,jak-ut,02-05-2024,28.8,33.8,31.2,78.0,0,0.6,6.0,70.0,3.0,NE,59.0
1544,jak-ut,02-06-2021,27.5,33.2,29.8,76.0,0,5.6,5.0,60.0,2.0,NE,13.0
1545,jak-ut,02-06-2022,26.6,32.2,28.2,83.0,-,6.6,4.0,300.0,1.0,C ,11.0
1546,jak-ut,02-06-2023,27.4,34.4,30.1,72.0,0,6.7,6.0,110.0,3.0,C ,18.0
1547,jak-ut,02-06-2024,27.2,33.4,29.7,81.0,0,1.4,5.0,20.0,1.0,C ,26.0
1548,jak-ut,02-07-2021,24.6,32.8,28.4,76.0,32.5,0.8,7.0,130.0,3.0,E ,0.0
1549,jak-ut,02-07-2022,26.0,32.4,29.3,75,0,7.8,4.0,160.0,2.0,W ,15.0
1550,jak-ut,02-07-2023,27.8,32.0,29.4,79.0,0,5.2,5.0,10.0,1.0,C ,3.0
1551,jak-ut,02-07-2024,27,31.0,28.9,83,0,5.3,3.0,50.0,1.0,C ,20.0
1552,jak-ut,02-08-2021,26.2,32,29.1,73.0,0,5.7,5.0,70.0,2.0,C ,5.0
1553,jak-ut,02-08-2022,26.4,32.2,29.3,76.0,-,9.1,4.0,40.0,2.0,NE,19.0
1554,jak-ut,02-08-2023,26.6,32.8,29.7,76.0,0,9.0,4.0,100.0,2.0,E ,4.0
1555,jak-ut,02-08-2024,27.2,32.0,29.0,80.0,0.0,7.8,4.0,190.0,1.0,C,12.0
1556,jak-ut,02-09-2021,27.0,32.2,29.1,70.0,0,6.0,5.0,10.0,2.0,C ,5.0
1557,jak-ut,02-09-2022,-,33.2,29.1,81.0,3.4,8.0,6.0,70.0,2.0,C ,10.0
1558,jak-ut,02-09-2023,25.8,32.3,29.1,74.0,8888,8.5,5.0,110.0,3.0,E ,3.0
1559,jak-ut,02-09-2024,27.0,33.2,30.0,78.0,0.0,8.0,4.0,50.0,2.0,C,14.0
1560,jak-ut,02-10-2021,27.6,30.8,28.8,76,0.0,4,5.0,80.0,2.0,E ,3.0
1561,jak-ut,02-10-2022,27.2,30.2,28.1,80.0,0,9.3,4.0,350.0,1.0,C ,2.0
1562,jak-ut,02-10-2023,27,32.8,29.5,74.0,0,7.7,5.0,10.0,2.0,C ,7.0
1563,jak-ut,02-10-2024,28.0,33.9,30.7,74.0,0.0,8.0,5.0,100.0,2.0,C,3.0
1564,jak-ut,02-11-2021,25.9,32.0,28.7,76.0,1.5,1.5,7.0,290.0,2.0,C ,1.0
1565,jak-ut,02-11-2022,26.7,32.4,29.6,77.0,-,5.8,5.0,70.0,2.0,C ,4.0
1566,jak-ut,02-11-2023,28.1,33.6,30.8,77.0,0,6.4,5.0,220.0,1.0,C ,1.0
1567,jak-ut,02-11-2024,25.6,33.6,29.5,76.0,0.0,4.4,6.0,40.0,1.0,C,3.0
1568,jak-ut,02-12-2021,27.6,34.4,30.4,68.0,0.0,4.8,7.0,270.0,4.0,W ,5.0
1569,jak-ut,02-12-2022,26.8,30.9,28.4,80.0,0,7.0,3.0,50.0,2.0,S ,7.0
1570,jak-ut,02-12-2023,25.4,32.4,29.5,84.0,1.5,0.0,5.0,60.0,2.0,C ,3.0
1571,jak-ut,02-12-2024,27.0,34.4,29.6,73.0,1.6,8.0,8.0,270.0,5.0,W,8.0
1572,jak-ut,03-01-2021,25,31,28.0,82.0,-,5.5,5.0,310.0,3.0,W ,0.0
1573,jak-ut,03-01-2022,26,33.2,29.3,69.0,0.0,4.4,5.0,20.0,2.0,W ,12.0
1574,jak-ut,03-01-2023,25.0,29,26.7,83.0,0.7,1.1,7.0,260.0,2.0,W ,8.0
1575,jak-ut,03-01-2024,26.6,30.2,27.9,87.0,4.1,0,5.0,280.0,2.0,W ,4.0
1576,jak-ut,03-02-2021,24.0,29.2,26.1,92.0,58.3,5.1,6.0,330.0,3.0,NW,3.0
1577,jak-ut,03-02-2022,26.2,31.6,28.9,81.0,8888.0,3.7,3.0,310.0,1.0,NE,6.0
1578,jak-ut,03-02-2023,23,29.8,26.5,86.0,16.1,0.6,4.0,310.0,1.0,C ,10.0
1579,jak-ut,03-02-2024,25,30.8,28.1,82.0,41.5,8.8,8.0,300.0,4.0,W ,3.0
1580,jak-ut,03-03-2021,-,30.8,27.4,84.0,33.8,4.6,4.0,280.0,2.0,W ,3.0
1581,jak-ut,03-03-2022,25.4,32,28.2,78.0,15,5.7,5.0,300.0,3.0,W ,14.0
1582,jak-ut,03-03-2023,24,31.2,27.4,85.0,10.8,0,5.0,270.0,1.0,C ,12.0
1583,jak-ut,03-03-2024,26.4,31.8,28.5,84.0,7.5,1.9,4.0,280.0,2.0,W ,14.0
1584,jak-ut,03-04-2021,25.0,29.0,26.9,91.0,46,9.6,3.0,150.0,1.0,SE,4.0
1585,jak-ut,03-04-2022,26.5,32.8,27.4,79.0,0,8.1,7.0,270.0,2.0,W ,15.0
1586,jak-ut,03-04-2023,25.8,32.1,28.5,79,0,8.1,6,10,3,W ,21.0
1587,jak-ut,03-04-2024,28,32.8,29.1,84.0,-,2.7,4.0,50.0,1.0,C ,43.0
1588,jak-ut,03-05-2021,27.9,33.0,29.8,83.0,-,7.3,6.0,110.0,3.0,E ,4.0
1589,jak-ut,03-05-2022,25,32.8,28.5,82.0,18,5.0,4.0,130.0,1.0,C ,20.0
1590,jak-ut,03-05-2023,28,33.5,30.2,80.0,-,0.9,4.0,50.0,2.0,C ,16.0
1591,jak-ut,03-05-2024,29,34.0,31.2,78.0,0,4.6,4.0,70.0,1.0,C ,52.0
1592,jak-ut,03-06-2021,27.4,33.2,29.5,79.0,15.5,6.6,5.0,70.0,3.0,E ,5.0
1593,jak-ut,03-06-2022,-,32.2,28.4,78.0,4.5,6.3,4.0,40.0,2.0,C ,16.0
1594,jak-ut,03-06-2023,23.5,34.4,30.1,76.0,-,8.4,4.0,110.0,2.0,C ,5.0
1595,jak-ut,03-06-2024,25.3,30.6,28.7,87.0,28.2,1.8,3.0,290.0,1.0,C ,25.0
1596,jak-ut,03-07-2021,25.7,33.0,28.9,76.0,0,10.4,4.0,40.0,2.0,NE,4.0
1597,jak-ut,03-07-2022,26.7,32.4,29.1,84,11.6,5.3,5.0,350.0,2.0,E ,9.0
1598,jak-ut,03-07-2023,27.4,32.0,29.3,78.0,-,1.7,5.0,360.0,1.0,C ,5.0
1599,jak-ut,03-07-2024,27,32.6,28.9,80,0,1.5,6.0,40.0,1.0,C ,8.0
1600,jak-ut,03-08-2021,27.2,33,29.1,73.0,0,5.3,6.0,60.0,2.0,C ,3.0
1601,jak-ut,03-08-2022,-,32.8,29.3,78.0,-,7.2,5.0,90.0,3.0,E ,22.0
1602,jak-ut,03-08-2023,27.2,34.0,30.0,76.0,-,3.8,6.0,80.0,3.0,E ,6.0
1603,jak-ut,03-08-2024,26.0,34.0,29.2,78.0,8888.0,6.0,5.0,20.0,1.0,C,10.0
1604,jak-ut,03-09-2021,27.2,32.2,29.1,75.0,0,1.1,4.0,30.0,2.0,NE,1.0
1605,jak-ut,03-09-2022,26,32.6,28.4,79.0,0,3.1,9.0,260.0,4.0,N ,9.0
1606,jak-ut,03-09-2023,27.0,33.6,29.1,74.0,0.2,7.7,5.0,30.0,2.0,NE,1.0
1607,jak-ut,03-09-2024,27.8,32.6,29.6,77.0,0.0,8.0,15.0,4.0,2.0,C,8.0
1608,jak-ut,03-10-2021,26.4,33.0,29.1,72,0.0,3.4,3.0,40.0,2.0,W ,3.0
1609,jak-ut,03-10-2022,24.6,32.8,29.0,78.0,34.1,2.8,6.0,320.0,1.0,C ,7.0
1610,jak-ut,03-10-2023,27,32.8,29.5,69.0,0,7.4,6.0,80.0,2.0,C ,4.0
1611,jak-ut,03-10-2024,28.8,34.0,30.2,80.0,0.8,8.0,5.0,70.0,3.0,E,9.0
1612,jak-ut,03-11-2021,26.2,32.6,28.7,76.0,0.0,8.7,4.0,20.0,1.0,C ,2.0
1613,jak-ut,03-11-2022,27,32.0,29.3,80.0,0,8.1,4.0,50.0,2.0,C ,14.0
1614,jak-ut,03-11-2023,28,34.2,30.8,77.0,0,9,5.0,40.0,2.0,C ,5.0
1615,jak-ut,03-11-2024,27.0,32.4,28.8,77.0,0.3,5.9,4.0,100.0,1.0,C,3.0
1616,jak-ut,03-12-2021,27.4,32.6,29.6,72.0,0.0,8.9,4.0,290.0,2.0,W ,8.0
1617,jak-ut,03-12-2022,26.2,32.0,28.9,80.0,0,1.5,6.0,10.0,2.0,C ,5.0
1618,jak-ut,03-12-2023,27.0,32.0,28.8,85.0,-,6.8,5.0,30.0,2.0,S ,5.0
1619,jak-ut,03-12-2024,25.6,30.1,27.1,81.0,13.0,3.8,10.0,270.0,5.0,W,6.0
1620,jak-ut,04-01-2021,26.2,31.4,28.6,79.0,2.8,2.5,6.0,260.0,3.0,W ,2.0
1621,jak-ut,04-01-2022,-,32.6,29.3,67.0,0.0,7.7,4.0,30.0,2.0,NE,16.0
1622,jak-ut,04-01-2023,24.6,30.6,27.0,88.0,3.2,0.1,5.0,270.0,2.0,W ,3.0
1623,jak-ut,04-01-2024,26.0,30.2,26.7,90.0,10.8,0,5.0,320.0,2.0,C ,2.0
1624,jak-ut,04-02-2021,24.8,30.4,27.2,85.0,18.5,0.8,7.0,320.0,3.0,NW,2.0
1625,jak-ut,04-02-2022,24.7,31.4,27.3,85.0,23.0,6.3,5.0,310.0,2.0,C ,4.0
1626,jak-ut,04-02-2023,24,30.8,28.2,82.0,0.2,0.0,5.0,320.0,3.0,NW,8.0
1627,jak-ut,04-02-2024,26.4,31,28.4,84.0,0,2.1,8.0,260.0,2.0,C ,7.0
1628,jak-ut,04-03-2021,25,31.1,28.5,81.0,-,7,4.0,310.0,2.0,NW,4.0
1629,jak-ut,04-03-2022,25,-,27.5,81.0,3.4,7.3,4.0,330.0,2.0,C ,21.0
1630,jak-ut,04-03-2023,25,29.6,27.0,84.0,11.7,5.5,7.0,280.0,3.0,W ,9.0
1631,jak-ut,04-03-2024,26.6,33.6,29.1,80.0,0.4,2.5,5.0,300.0,3.0,SW,20.0
1632,jak-ut,04-04-2021,25.6,30.0,27.8,89.0,3,0.0,4.0,320.0,2.0,NE,1.0
1633,jak-ut,04-04-2022,26,32.2,28.7,76.0,4,3.5,5.0,270.0,2.0,C ,24.0
1634,jak-ut,04-04-2023,26.2,32.6,28.7,78,0.5,7.4,4,320,3,W ,13.0
1635,jak-ut,04-04-2024,26.8,34.4,30.7,78.0,8888,4.4,5.0,160.0,1.0,C ,42.0
1636,jak-ut,04-05-2021,27.4,33.1,29.5,84.0,-,4.9,5.0,30.0,2.0,NE,3.0
1637,jak-ut,04-05-2022,26,32.6,28.9,81.0,0,3.3,7.0,40.0,2.0,C ,36.0
1638,jak-ut,04-05-2023,26.6,33.0,29.4,81.0,21.7,7.3,5.0,20.0,2.0,C ,20.0
1639,jak-ut,04-05-2024,28.9,34.2,30.7,74.0,-,8.0,4.0,90.0,2.0,C ,59.0
1640,jak-ut,04-06-2021,27.4,34.7,30.6,74.0,-,5.4,6.0,60.0,2.0,C ,9.0
1641,jak-ut,04-06-2022,26.2,32.0,29.1,81.0,-,6.8,3.0,140.0,1.0,W ,18.0
1642,jak-ut,04-06-2023,27.9,32.2,29.6,78.0,0,7.2,5.0,40.0,2.0,C ,9.0
1643,jak-ut,04-06-2024,26.8,32.8,30,80.0,0.2,0.6,4.0,20.0,1.0,C ,21.0
1644,jak-ut,04-07-2021,26.2,32.6,28.7,76.0,0,7.8,5.0,60.0,2.0,NE,3.0
1645,jak-ut,04-07-2022,25.4,33.2,29.5,75,19.5,5.1,5.0,80.0,3.0,E ,22.0
1646,jak-ut,04-07-2023,26.9,32.7,29.2,76.0,-,5.1,6.0,10.0,3.0,N ,4.0
1647,jak-ut,04-07-2024,26.9,32.0,27.3,85,0,7.2,4.0,340.0,1.0,C ,7.0
1648,jak-ut,04-08-2021,26.8,32.6,29.0,72.0,0,6.9,6.0,60.0,2.0,NE,2.0
1649,jak-ut,04-08-2022,25,32.0,28.0,84.0,27.1,4.6,5.0,10.0,2.0,C ,12.0
1650,jak-ut,04-08-2023,27.4,34.0,29.5,77.0,0,9.0,7.0,70.0,3.0,E ,1.0
1651,jak-ut,04-08-2024,26.6,33.0,29.4,78.0,0.0,8.0,5.0,100.0,2.0,C,6.0
1652,jak-ut,04-09-2021,26.8,32.6,29.1,68.0,-,0.0,4.0,180.0,2.0,S ,2.0
1654,jak-ut,04-09-2022,26.2,32.5,29.1,74.0,-,8.7,4.0,180.0,2.0,C ,7.0
1655,jak-ut,04-09-2023,25.2,33.6,28.3,67.0,0,6.7,5.0,40.0,2.0,C ,7.0
1656,jak-ut,04-09-2024,27.0,35.1,30.0,73.0,0.0,6.1,6.0,60.0,2.0,E,8.0
1657,jak-ut,04-10-2021,26.8,32.8,28.7,74,0.0,8.5,6.0,40.0,2.0,SE,3.0
1658,jak-ut,04-10-2022,26.6,31.8,27.9,82.0,-,7.2,4.0,50.0,1.0,C ,16.0
1659,jak-ut,04-10-2023,27.4,32.8,29.3,74.0,0,8.2,6.0,10.0,3.0,NE,7.0
1660,jak-ut,04-10-2024,28.0,34.9,30.5,71.0,0.0,5.5,6.0,100.0,2.0,C,5.0
1661,jak-ut,04-11-2021,26.6,32.8,29.1,77.0,8888.0,8.4,6.0,270.0,2.0,W ,1.0
1662,jak-ut,04-11-2022,27,32.8,29.6,79.0,0,3.5,4.0,60.0,1.0,C ,8.0
1663,jak-ut,04-11-2023,28.7,33.4,28.9,83.0,0,8,5.0,40.0,2.0,S ,0.0
1664,jak-ut,04-11-2024,25.8,30.6,28.1,81.0,3.4,5.4,3.0,30.0,1.0,C,3.0
1665,jak-ut,04-12-2021,-,-,-,82.0,0.0,1.2,6.0,290.0,2.0,W ,7.0
1666,jak-ut,04-12-2022,26.8,32.2,28.9,79.0,0,7.8,3.0,80.0,1.0,C ,7.0
1667,jak-ut,04-12-2023,26.2,28.5,27.0,88.0,2.3,3.2,3.0,280.0,1.0,C ,1.0
1668,jak-ut,04-12-2024,23.8,29.8,27.2,82.0,12.0,0.1,7.0,250.0,4.0,W,4.0
1669,jak-ut,05-01-2021,26.4,29.2,27.8,84.0,-,7.0,8.0,280.0,2.0,W ,0.0
1670,jak-ut,05-01-2022,27.1,32.7,29.4,74.0,0.0,7.1,4.0,290.0,2.0,C ,16.0
1671,jak-ut,05-01-2023,23.6,31.6,27.5,84.0,31.3,3.5,4.0,310.0,3.0,W ,11.0
1672,jak-ut,05-01-2024,24.6,32.0,28.3,83.0,78.4,0,4.0,290.0,2.0,SE,3.0
1673,jak-ut,05-02-2021,24.4,30.4,28.0,81.0,13.6,7.5,7.0,320.0,4.0,NW,1.0
1674,jak-ut,05-02-2022,25.2,28.4,26.4,89.0,3.8,6.2,7.0,280.0,3.0,W ,4.0
1675,jak-ut,05-02-2023,26.6,33.4,29.0,75.0,0.0,3.5,6.0,260.0,4.0,W ,7.0
1676,jak-ut,05-02-2024,26.2,31.6,28.5,84.0,0.5,5.4,7.0,350.0,1.0,C ,3.0
1677,jak-ut,05-03-2021,26.3,32.0,28.1,81.0,3.3,2.7,6.0,20.0,2.0,C ,2.0
1678,jak-ut,05-03-2022,25.2,33.2,27.6,79.0,8888,1.8,8.0,270.0,2.0,C ,11.0
1679,jak-ut,05-03-2023,25.4,30.0,27.2,85.0,0.6,1.4,5.0,240.0,3.0,W ,2.0
1680,jak-ut,05-03-2024,26.8,34.4,29.9,77.0,1.6,6.1,8.0,240.0,4.0,W ,12.0
1681,jak-ut,05-04-2021,26.6,31.5,29.0,85.0,0,0.2,4.0,310.0,2.0,W ,7.0
1682,jak-ut,05-04-2022,26.1,33.2,28.2,80.0,-,6.9,5.0,20.0,2.0,C ,22.0
1683,jak-ut,05-04-2023,26.2,32.8,28.8,83,-,3.7,6,260,2,C ,10.0
1684,jak-ut,05-04-2024,27.8,34.0,30.7,80.0,0,7,4.0,250.0,2.0,W ,37.0
1685,jak-ut,05-05-2021,27.8,33.2,29.7,83.0,0,4.2,5.0,30.0,2.0,NE,4.0
1686,jak-ut,05-05-2022,26.6,34.0,29.3,80.0,-,4.0,7.0,70.0,2.0,C ,30.0
1687,jak-ut,05-05-2023,27.2,33.0,29.8,79.0,1.5,8.6,5.0,110.0,2.0,SE,9.0
1688,jak-ut,05-05-2024,28.2,33.4,30.8,76.0,0,6.9,4.0,20.0,2.0,C ,39.0
1689,jak-ut,05-06-2021,27.8,32.2,29.6,78.0,-,-,6.0,30.0,2.0,NE,3.0
1690,jak-ut,05-06-2022,26.8,32.8,29.1,79.0,0,8.1,5.0,360.0,1.0,C ,13.0
1691,jak-ut,05-06-2023,27.8,32.3,29.4,76.0,0,7.3,5.0,40.0,2.0,NE,13.0
1692,jak-ut,05-06-2024,27.8,32.8,30.1,78.0,0,5.2,4.0,20.0,2.0,N ,23.0
1693,jak-ut,05-07-2021,26.4,31.9,28.9,76.0,0,9.6,4.0,40.0,2.0,NE,6.0
1694,jak-ut,05-07-2022,27.2,33.0,30,77,0,8,5.0,60.0,2.0,C ,20.0
1695,jak-ut,05-07-2023,26.9,33.6,29.4,77.0,0,8.6,6.0,10.0,1.0,C ,6.0
1696,jak-ut,05-07-2024,25,31.8,27.1,86,36.5,2.1,5.0,130.0,3.0,SE,13.0
1697,jak-ut,05-08-2021,26.8,32.4,28.4,78.0,0,9.9,4.0,30.0,1.0,C ,7.0
1698,jak-ut,05-08-2022,25.4,31.6,27.7,87.0,16,7.2,3.0,250.0,1.0,C ,14.0
1699,jak-ut,05-08-2023,27.0,33.0,29.3,77.0,-,5.9,6.0,60.0,2.0,C ,3.0
1700,jak-ut,05-08-2024,26.6,31.6,28.8,77.0,1.5,8.0,5.0,250.0,2.0,SE,8.0
1701,jak-ut,05-09-2021,26.8,32.6,29.6,70.0,-,10.5,7.0,40.0,2.0,C ,7.0
1702,jak-ut,05-09-2022,27.2,33.2,29.6,78.0,-,7.4,5.0,70.0,2.0,C ,18.0
1703,jak-ut,05-09-2023,25.4,32.8,28.2,68.0,0,7.4,7.0,100.0,3.0,C ,10.0
1704,jak-ut,05-09-2024,27.6,33.0,29.9,70.0,0.0,8.0,4.0,40.0,2.0,C,9.0
1705,jak-ut,05-10-2021,26.4,32.8,29.2,65,7.2,3.3,5.0,330.0,2.0,C ,1.0
1706,jak-ut,05-10-2022,25.4,30.0,27.8,83.0,13.8,6.5,4.0,60.0,2.0,C ,6.0
1707,jak-ut,05-10-2023,-,33.0,29.8,75.0,-,9.5,6.0,40.0,3.0,NE,1.0
1708,jak-ut,05-10-2024,28.2,33.6,30.4,76.0,0.0,8.0,5.0,40.0,2.0,C,0.0
1709,jak-ut,05-11-2021,26.9,30.5,28.3,83.0,8888.0,7.6,3.0,300.0,1.0,C ,5.0
1710,jak-ut,05-11-2022,26.2,32.4,28.4,82.0,1,5.4,5.0,320.0,2.0,C ,9.0
1711,jak-ut,05-11-2023,25,32.8,29.3,82.0,7.5,6.2,5.0,140.0,2.0,C ,2.0
1712,jak-ut,05-11-2024,26.9,32.8,28.9,79.0,8888.0,1.2,6.0,40.0,2.0,NE,4.0
1713,jak-ut,05-12-2021,25.4,27.8,26.4,84.0,4.8,0,11.0,280.0,2.0,C ,5.0
1714,jak-ut,05-12-2022,26.6,32.0,28.7,80.0,-,6.4,4.0,70.0,1.0,C ,4.0
1715,jak-ut,05-12-2023,24.8,32.5,29.7,81.0,8888,0.0,5.0,100.0,2.0,C ,5.0
1716,jak-ut,05-12-2024,25.2,31.4,27.6,85.0,0.7,0.0,9.0,320.0,4.0,W,13.0
1717,jak-ut,06-01-2021,23.9,30.6,27.5,84.0,19.1,0.5,4.0,350.0,2.0,NW,0.0
1718,jak-ut,06-01-2022,25.6,32.1,28.6,82.0,36.0,9.1,4.0,310.0,2.0,C ,8.0
1719,jak-ut,06-01-2023,24.8,33.7,29.2,76.0,1.5,2.9,6.0,260.0,4.0,W ,4.0
1720,jak-ut,06-01-2024,25.6,32.0,28.6,82.0,0.8,5.8,5.0,340.0,1.0,C ,2.0
1721,jak-ut,06-02-2021,25.0,30.7,28.6,82.0,24.6,7.7,5.0,280.0,3.0,W ,0.0
1722,jak-ut,06-02-2022,25.4,30.7,28.0,80.0,61.0,0.0,5.0,280.0,2.0,W ,7.0
1723,jak-ut,06-02-2023,27,32.4,29.3,72.0,8888.0,7.9,8.0,270.0,4.0,W ,17.0
1724,jak-ut,06-02-2024,-,-,-,88.0,8888,4.6,5.0,270.0,2.0,W ,15.0
1725,jak-ut,06-03-2021,26.4,30.5,27.3,86.0,0.5,5.5,5.0,310.0,2.0,C ,2.0
1726,jak-ut,06-03-2022,24,33.4,27.6,76.0,15.6,4.5,10.0,270.0,5.0,W ,16.0
1727,jak-ut,06-03-2023,25,32.1,28.5,77.0,1.5,4.7,7.0,310.0,4.0,W ,10.0
1728,jak-ut,06-03-2024,27.4,32.5,29.5,80.0,8888,6.9,7.0,290.0,4.0,W ,28.0
1729,jak-ut,06-04-2021,25.6,33.2,28.5,83.0,0,1.0,10.0,270.0,6.0,W ,3.0
1730,jak-ut,06-04-2022,25,33.6,28.3,77.0,33.6,7.8,5.0,280.0,2.0,W ,26.0
1731,jak-ut,06-04-2023,26.2,33.2,29.7,72,-,8.8,5,300,2,C ,23.0
1732,jak-ut,06-04-2024,27.2,32.2,29.3,84.0,-,4,3.0,290.0,1.0,C ,39.0
1733,jak-ut,06-05-2021,26.3,32.4,27.9,88.0,11.5,4.5,6.0,220.0,2.0,C ,7.0
1734,jak-ut,06-05-2022,26.6,33.8,29.9,79.0,-,7.3,6.0,60.0,2.0,C ,19.0
1735,jak-ut,06-05-2023,26,32.4,28.9,81.0,70.5,8.2,3.0,20.0,1.0,C ,13.0
1736,jak-ut,06-05-2024,28,33.6,30.8,75.0,-,7.4,5.0,30.0,1.0,C ,49.0
1737,jak-ut,06-06-2021,27.8,32.5,29.9,78.0,0,7.8,7.0,200.0,2.0,C ,9.0
1738,jak-ut,06-06-2022,26.6,30.6,28.3,82.0,8888,6.9,4.0,50.0,2.0,NE,19.0
1739,jak-ut,06-06-2023,27.2,31.2,28.2,82.0,3,7.7,4.0,70.0,1.0,C ,10.0
1740,jak-ut,06-06-2024,27.4,34.2,30.5,76.0,0,7.9,4.0,30.0,2.0,NE,27.0
1741,jak-ut,06-07-2021,26.9,32.6,28.8,74.0,0,5.8,17.0,100.0,2.0,C ,3.0
1742,jak-ut,06-07-2022,25.2,28.6,26.4,90,9.9,9,2.0,280.0,1.0,C ,19.0
1743,jak-ut,06-07-2023,27.2,29.8,27.9,84.0,0,8.2,3.0,50.0,1.0,C ,6.0
1744,jak-ut,06-07-2024,24.6,28.4,25,92,25,3.7,4.0,130.0,1.0,C ,13.0
1745,jak-ut,06-08-2021,25.7,33.5,28.8,70.0,5,4.1,5.0,110.0,3.0,E ,3.0
1746,jak-ut,06-08-2022,26,31.8,28.5,78.0,-,6.7,5.0,20.0,2.0,N ,11.0
1747,jak-ut,06-08-2023,26.6,32.4,28.9,76.0,0,9.0,5.0,260.0,1.0,C ,4.0
1748,jak-ut,06-08-2024,26.6,34.2,29.3,74.0,0.0,5.4,5.0,40.0,2.0,E,10.0
1749,jak-ut,06-09-2021,27.7,32.8,29.6,73.0,0,5.2,6.0,70.0,3.0,E ,1.0
1750,jak-ut,06-09-2022,27.8,33.6,29.8,77.0,0,7.4,5.0,90.0,2.0,E ,10.0
1751,jak-ut,06-09-2023,25.6,33.2,28.9,73.0,0,9.3,5.0,40.0,2.0,C ,6.0
1752,jak-ut,06-09-2024,28.2,34.2,30.5,73.0,0.0,8.0,5.0,40.0,3.0,E,6.0
1753,jak-ut,06-10-2021,26.7,31.8,29.8,71,0.0,8.2,4.0,50.0,2.0,NE,3.0
1754,jak-ut,06-10-2022,-,31.8,28.3,79.0,0.5,1.0,7.0,50.0,2.0,C ,9.0
1755,jak-ut,06-10-2023,27.8,33.0,30.1,76.0,-,9.6,5.0,30.0,1.0,C ,3.0
1756,jak-ut,06-10-2024,27.6,33.4,30.0,77.0,0.0,8.0,6.0,50.0,2.0,C,5.0
1757,jak-ut,06-11-2021,25.8,33.0,29.3,76.0,1.7,2.5,3.0,230.0,2.0,S ,4.0
1758,jak-ut,06-11-2022,26,31.2,27.9,83.0,0,8.1,3.0,70.0,1.0,C ,2.0
1759,jak-ut,06-11-2023,26.4,33.2,30.3,79.0,0.2,3.4,5.0,60.0,2.0,C ,4.0
1760,jak-ut,06-11-2024,26.6,33.2,29.5,75.0,2.8,7.5,5.0,70.0,2.0,NE,7.0
1761,jak-ut,06-12-2021,24,32.8,26.9,84.0,8.0,0,7.0,270.0,2.0,C ,5.0
1762,jak-ut,06-12-2022,27.0,31.4,28.5,85.0,0,4.2,5.0,20.0,1.0,C ,2.0
1763,jak-ut,06-12-2023,26.0,33.5,29.7,81.0,0,7.3,5.0,300.0,2.0,C ,4.0
1764,jak-ut,06-12-2024,25.2,29.8,27.2,86.0,63.4,2.2,4.0,270.0,1.0,C,8.0
1765,jak-ut,07-01-2021,23.9,29.6,27.3,84.0,32,2.5,5.0,300.0,2.0,NW,2.0
1766,jak-ut,07-01-2022,26.1,34.8,28.7,78.0,0.5,4,6.0,270.0,2.0,W ,17.0
1767,jak-ut,07-01-2023,27.2,33.4,29.2,77.0,1.5,6.4,7.0,270.0,3.0,W ,7.0
1768,jak-ut,07-01-2024,26.6,32.0,28.5,81.0,8888,4.6,4.0,290.0,1.0,C ,6.0
1769,jak-ut,07-02-2021,25.0,30.4,28.4,81.0,20,8.3,7.0,330.0,4.0,NW,0.0
1770,jak-ut,07-02-2022,25.4,31.0,28.3,82.0,16.5,3.3,6.0,340.0,2.0,NW,9.0
1771,jak-ut,07-02-2023,26.8,30.2,28.1,80.0,0.0,5.6,4.0,270.0,2.0,NW,8.0
1772,jak-ut,07-02-2024,25,32.1,28.7,83.0,7.5,-,5.0,310.0,2.0,C ,6.0
1773,jak-ut,07-03-2021,25,30.8,27.7,83.0,5,3.3,4.0,330.0,1.0,C ,3.0
1774,jak-ut,07-03-2022,26.6,33,29.1,71.0,0,7.3,6.0,300.0,2.0,W ,24.0
1775,jak-ut,07-03-2023,25.8,31.2,28.1,81.0,-,7.4,5.0,340.0,2.0,C ,5.0
1776,jak-ut,07-03-2024,27.4,32.5,29.5,79.0,0,8.3,6.0,310.0,4.0,W ,21.0
1777,jak-ut,07-04-2021,25.6,30.8,28.1,84.0,1.6,4.7,9.0,280.0,3.0,W ,3.0
1778,jak-ut,07-04-2022,25.4,33.2,28.8,79.0,0,8.6,4.0,300.0,1.0,C ,16.0
1779,jak-ut,07-04-2023,26.8,33,29.2,74,0,4.8,4,10,2,C ,15.0
1780,jak-ut,07-04-2024,27,33.4,30.3,79.0,2.9,0,4.0,50.0,1.0,C ,27.0
1781,jak-ut,07-05-2021,25.9,32.3,29.0,82.0,11,4.9,6.0,80.0,2.0,NE,2.0
1782,jak-ut,07-05-2022,27.8,33.3,30.0,80.0,-,8.9,3.0,50.0,2.0,SW,18.0
1783,jak-ut,07-05-2023,26.6,32.6,28.7,82.0,-,3.7,3.0,60.0,1.0,C ,8.0
1784,jak-ut,07-05-2024,28.4,34.4,31.0,74.0,-,3.9,5.0,30.0,2.0,C ,47.0
1785,jak-ut,07-06-2021,25,32.0,28.3,78.0,44.8,5.2,5.0,20.0,1.0,C ,7.0
1786,jak-ut,07-06-2022,26,32.0,28.5,77.0,-,0,6.0,110.0,3.0,SE,36.0
1787,jak-ut,07-06-2023,26.6,34.4,30.5,74.0,8888,0.7,6.0,140.0,3.0,SE,7.0
1788,jak-ut,07-06-2024,28,33.2,30.1,77.0,0,8.9,4.0,40.0,2.0,NE,24.0
1789,jak-ut,07-07-2021,26.6,32.6,28.8,68.0,0,4.9,3.0,50.0,2.0,E ,4.0
1790,jak-ut,07-07-2022,25.8,32.0,28.6,82,33,1.7,4.0,50.0,1.0,C ,19.0
1791,jak-ut,07-07-2023,26.2,30.2,27.3,88.0,5.5,0.1,6.0,10.0,1.0,C ,4.0
1792,jak-ut,07-07-2024,23.4,30.6,27.6,85,40.9,0.2,5.0,50.0,1.0,C ,11.0
1793,jak-ut,07-08-2021,25.7,32.8,29.3,72.0,0,6.4,6.0,60.0,4.0,E ,2.0
1795,jak-ut,07-08-2022,26.3,31.8,28.7,79.0,-,8.7,6.0,20.0,2.0,C ,7.0
1796,jak-ut,07-08-2023,26.8,32.8,29.3,77.0,0,8.5,5.0,40.0,2.0,SE,6.0
1797,jak-ut,07-08-2024,26.4,32.6,29.2,75.0,0.0,8.0,4.0,60.0,2.0,NE,12.0
1798,jak-ut,07-09-2021,27.3,32.1,29.0,76.0,0,5.0,4.0,70.0,2.0,C ,7.0
1799,jak-ut,07-09-2022,26.4,31.2,28.6,83.0,0,9.2,4.0,60.0,1.0,C ,16.0
1800,jak-ut,07-09-2023,26.2,32.0,28.8,73.0,0,9.2,5.0,10.0,2.0,N ,6.0
1801,jak-ut,07-09-2024,27.4,35.4,30.8,71.0,0.0,8.0,6.0,80.0,3.0,E,10.0
1802,jak-ut,07-10-2021,26.4,32.6,29.5,65,2.3,7,5.0,20.0,2.0,N ,7.0
1803,jak-ut,07-10-2022,25,31.0,27.0,88.0,13.7,8.2,8.0,310.0,3.0,W ,7.0
1804,jak-ut,07-10-2023,27.8,33.6,30.1,78.0,-,8.9,4.0,30.0,2.0,NE,2.0
1805,jak-ut,07-10-2024,27.8,36.8,31.2,70.0,0.0,8.0,7.0,90.0,2.0,E,6.0
1806,jak-ut,07-11-2021,27.0,33.0,28.3,81.0,0.0,10.6,4.0,250.0,2.0,W ,6.0
1807,jak-ut,07-11-2022,25.2,31.0,27.8,85.0,5.2,0.2,4.0,350.0,1.0,C ,8.0
1808,jak-ut,07-11-2023,27.8,33.6,30.6,79.0,0,7.9,5.0,340.0,2.0,N ,2.0
1809,jak-ut,07-11-2024,27.0,33.5,30.0,77.0,0.0,6.4,4.0,200.0,1.0,C,7.0
1810,jak-ut,07-12-2021,24.2,29,27.1,86.0,67.5,3.6,6.0,300.0,2.0,C ,7.0
1811,jak-ut,07-12-2022,26.0,31.8,28.2,83.0,-,2.4,3.0,250.0,1.0,C ,7.0
1812,jak-ut,07-12-2023,27.4,31.8,29.4,82.0,0,7.4,5.0,140.0,2.0,C ,1.0
1813,jak-ut,07-12-2024,25.6,31.6,28.1,85.0,8888.0,0.0,3.0,210.0,1.0,C,4.0
1814,jak-ut,08-01-2021,25.6,29,27.3,86.0,2.8,0.4,6.0,300.0,2.0,W ,0.0
1815,jak-ut,08-01-2022,26.2,32.6,29.1,74.0,7.0,9.3,4.0,330.0,3.0,NW,8.0
1816,jak-ut,08-01-2023,26.4,31.2,27.5,82.0,0,9.2,7.0,250.0,4.0,W ,3.0
1817,jak-ut,08-01-2024,26.4,30.8,28.7,80.0,0,5.6,5.0,340.0,1.0,C ,7.0
1818,jak-ut,08-02-2021,26.0,30.8,28.5,83.0,11.9,4.3,6.0,300.0,2.0,NW,2.0
1819,jak-ut,08-02-2022,26.2,28.4,26.7,89.0,1.6,6.8,6.0,300.0,2.0,C ,7.0
1820,jak-ut,08-02-2023,24.6,31.0,27.5,87.0,30.8,0.9,5.0,280.0,2.0,W ,11.0
1821,jak-ut,08-02-2024,25.8,32,29.5,80.0,-,6.2,4.0,300.0,2.0,C ,5.0
1822,jak-ut,08-03-2021,25.4,31.0,27.0,82.0,5.6,2.1,8.0,310.0,3.0,W ,4.0
1823,jak-ut,08-03-2022,26.2,31.8,27.7,82.0,0,-,4.0,280.0,2.0,C ,15.0
1824,jak-ut,08-03-2023,-,29.2,26.8,90.0,40,9.1,6.0,320.0,2.0,C ,13.0
1825,jak-ut,08-03-2024,26.2,32.6,29.3,79.0,0,6.3,8.0,270.0,4.0,W ,32.0
1826,jak-ut,08-04-2021,25.4,32.5,28.8,84.0,1.5,0.6,5.0,350.0,3.0,W ,4.0
1827,jak-ut,08-04-2022,26.2,33.7,28,77.0,3,7.6,5.0,300.0,1.0,C ,26.0
1828,jak-ut,08-04-2023,27.0,32.6,30.2,72,0,8.1,5,330,1,C ,16.0
1829,jak-ut,08-04-2024,27.8,33.4,30.3,76.0,0,6.8,5.0,150.0,2.0,SW,41.0
1830,jak-ut,08-05-2021,-,33.0,29.2,85.0,14,9.0,4.0,110.0,2.0,NE,7.0
1831,jak-ut,08-05-2022,27.8,33.2,29.9,78.0,-,6.9,3.0,280.0,1.0,W ,19.0
1832,jak-ut,08-05-2023,26.8,32.7,29.2,76.0,8888,5.0,4.0,50.0,1.0,C ,20.0
1833,jak-ut,08-05-2024,28.6,33.8,30.6,75.0,0,8.3,6.0,10.0,2.0,C ,47.0
1834,jak-ut,08-06-2021,26,32.8,29.5,78.0,0,9,6.0,340.0,2.0,NE,5.0
1835,jak-ut,08-06-2022,26,30.1,27.5,87.0,9.8,6.7,5.0,40.0,1.0,C ,27.0
1836,jak-ut,08-06-2023,26.5,34.4,30.0,74.0,-,7.9,7.0,60.0,3.0,E ,11.0
1837,jak-ut,08-06-2024,27.5,33.6,30.5,76.0,0,9.0,5.0,50.0,3.0,SE,28.0
1838,jak-ut,08-07-2021,26,33.1,28.7,71.0,0,2.8,5.0,50.0,2.0,E ,2.0
1839,jak-ut,08-07-2022,26.4,32.8,29.2,77,0,8.5,5.0,340.0,2.0,C ,20.0
1840,jak-ut,08-07-2023,25.8,32.1,28.2,81.0,4.3,1.7,7.0,10.0,2.0,N ,3.0
1841,jak-ut,08-07-2024,-,33.0,-,-,-,-,5.0,30.0,2.0,C,16.0
1842,jak-ut,08-08-2021,26.8,33,29.1,77.0,-,10.3,6.0,40.0,3.0,SE,2.0
1844,jak-ut,08-08-2022,26,32.8,28.7,75.0,0,8.5,3.0,220.0,2.0,C ,20.0
1845,jak-ut,08-08-2023,26.8,32.9,29.0,81.0,0,8.9,7.0,90.0,3.0,E ,3.0
1846,jak-ut,08-08-2024,27.2,33.8,29.5,75.0,0.0,5.5,4.0,100.0,2.0,E,15.0
1847,jak-ut,08-09-2021,26.1,32.2,28.8,76.0,0.3,5.5,5.0,350.0,2.0,C ,4.0
1848,jak-ut,08-09-2022,26,27.8,26.7,89.0,25.7,5.3,3.0,310.0,1.0,C ,16.0
1849,jak-ut,08-09-2023,26.9,33.1,29.1,77.0,0,9.3,7.0,10.0,3.0,N ,2.0
1850,jak-ut,08-09-2024,27.8,34.4,30.4,72.0,0.0,8.0,6.0,100.0,3.0,E,5.0
1851,jak-ut,08-10-2021,26.6,32.3,29,72,0.0,8.2,4.0,60.0,2.0,NE,2.0
1852,jak-ut,08-10-2022,24.8,33.2,28.2,80.0,1.2,1.9,5.0,280.0,1.0,C ,4.0
1853,jak-ut,08-10-2023,28,33.4,30.0,75.0,-,8.9,7.0,70.0,3.0,E ,5.0
1854,jak-ut,08-10-2024,28.2,34.0,30.6,73.0,0.0,8.0,6.0,90.0,3.0,E,4.0
1855,jak-ut,08-11-2021,25.2,32.0,28.1,81.0,0.5,3.6,5.0,70.0,2.0,NE,9.0
1856,jak-ut,08-11-2022,26,30.4,28.0,83.0,-,-,3.0,80.0,1.0,C ,6.0
1857,jak-ut,08-11-2023,28.3,33.4,30.8,78.0,0,8.5,5.0,300.0,2.0,C ,3.0
1858,jak-ut,08-11-2024,27.0,33.8,30.3,72.0,0.0,5.4,4.0,210.0,2.0,C,6.0
1859,jak-ut,08-12-2021,24.2,31.6,28.4,82.0,1.0,0,9.0,280.0,2.0,NW,6.0
1860,jak-ut,08-12-2022,26.6,32.0,28.2,81.0,8888,0.2,5.0,310.0,2.0,C ,10.0
1861,jak-ut,08-12-2023,26.8,33.4,29.8,81.0,0,1.5,4.0,120.0,2.0,C ,4.0
1862,jak-ut,08-12-2024,25.6,31.6,28.3,86.0,19.0,3.1,4.0,300.0,1.0,C,3.0
1863,jak-ut,09-01-2021,26.2,31,26.2,90.0,3.9,0.0,5.0,210.0,3.0,W ,0.0
1864,jak-ut,09-01-2022,27.3,31.9,29.3,79.0,0.0,7.3,5.0,300.0,2.0,W ,10.0
1865,jak-ut,09-01-2023,26.4,32,28.9,80.0,3.8,5.3,6.0,270.0,3.0,W ,7.0
1866,jak-ut,09-01-2024,26.8,32.7,29.4,80.0,8888,0,5.0,280.0,2.0,C ,5.0
1867,jak-ut,09-02-2021,24.4,30.5,27.4,86.0,14.8,4.8,6.0,310.0,3.0,NW,1.0
1868,jak-ut,09-02-2022,25.1,31.2,26.6,84.0,8.4,0.0,7.0,280.0,3.0,W ,7.0
1869,jak-ut,09-02-2023,25.4,30.4,27.0,79.0,0.3,2.1,9.0,240.0,4.0,W ,16.0
1870,jak-ut,09-02-2024,26.4,32.4,29.5,82.0,0,8.4,5.0,50.0,4.0,W ,10.0
1871,jak-ut,09-03-2021,25.4,31.2,27.3,83.0,0.2,4.1,4.0,300.0,1.0,C ,1.0
1872,jak-ut,09-03-2022,26.3,31.2,28.3,80.0,5,4.2,3.0,90.0,1.0,C ,18.0
1873,jak-ut,09-03-2023,24.2,30.4,27.0,87.0,15.6,2.2,6.0,360.0,1.0,C ,9.0
1874,jak-ut,09-03-2024,-,-,-,94.0,1.4,0.4,8.0,280.0,1.0,C ,17.0
1875,jak-ut,09-04-2021,26.7,31.8,29.4,84.0,0,8.6,5.0,350.0,2.0,W ,5.0
1876,jak-ut,09-04-2022,24.8,32.4,28.9,75.0,54,4.8,4.0,60.0,1.0,C ,20.0
1877,jak-ut,09-04-2023,27.2,32.2,29,80,0,9.1,5,280,3,W ,5.0
1878,jak-ut,09-04-2024,27.8,32.0,28.7,84.0,0,7,4.0,20.0,1.0,C ,48.0
1879,jak-ut,09-05-2021,24.6,32.6,28.2,86.0,54.8,6.3,4.0,50.0,2.0,NE,7.0
1880,jak-ut,09-05-2022,27.6,33.8,30.5,78.0,0,8.8,6.0,40.0,2.0,C ,28.0
1881,jak-ut,09-05-2023,23,33.8,30.7,76.0,-,6.3,5.0,40.0,2.0,C ,9.0
1882,jak-ut,09-05-2024,28.2,33.4,30.7,77.0,0,7.4,5.0,20.0,3.0,E ,36.0
1883,jak-ut,09-06-2021,27.7,32.6,29.6,76.0,0,7.5,4.0,30.0,2.0,SE,10.0
1884,jak-ut,09-06-2022,25.6,30.0,26.6,83.0,3,-,4.0,40.0,1.0,C ,20.0
1885,jak-ut,09-06-2023,26.8,33.6,29.8,74.0,0,6.9,5.0,50.0,2.0,E ,6.0
1886,jak-ut,09-06-2024,27.8,33.2,30.2,76.0,0,9.0,4.0,40.0,2.0,C ,13.0
1887,jak-ut,09-07-2021,26,32.1,29.4,72.0,0,2.5,5.0,30.0,3.0,SE,1.0
1888,jak-ut,09-07-2022,27.0,32.2,-,-,-,8.6,4.0,360.0,2.0,C ,23.0
1889,jak-ut,09-07-2023,26.0,33.4,28.9,78.0,0,3.0,8.0,20.0,4.0,N ,3.0
1890,jak-ut,09-07-2024,25.4,31.6,28.4,83,8888,8,5.0,100.0,2.0,E,8.0
1891,jak-ut,09-08-2021,26.9,32.6,29.6,74.0,0,8.6,5.0,90.0,3.0,E ,2.0
1892,jak-ut,09-08-2022,26.2,32.4,28.8,76.0,9.5,8.9,4.0,100.0,2.0,S ,12.0
1893,jak-ut,09-08-2023,26.6,32.9,29.0,75.0,0,8.6,7.0,70.0,4.0,E ,7.0
1894,jak-ut,09-08-2024,26.4,34.2,29.5,76.0,0.0,4.0,6.0,100.0,2.0,E,10.0
1895,jak-ut,09-09-2021,25.7,31.8,28.3,70.0,1.1,3.5,5.0,30.0,2.0,NE,3.0
1896,jak-ut,09-09-2022,25.2,30.0,26.2,90.0,1.5,0.0,5.0,60.0,2.0,C ,18.0
1897,jak-ut,09-09-2023,27.1,32.5,29.1,77.0,0,8.7,6.0,20.0,2.0,C ,5.0
1898,jak-ut,09-09-2024,28.0,32.9,29.1,78.0,0.0,8.0,5.0,350.0,2.0,C,4.0
1899,jak-ut,09-10-2021,26.8,33.4,29.9,70,0.0,8.8,4.0,50.0,2.0,NE,1.0
1900,jak-ut,09-10-2022,25.2,31.9,28.4,78.0,8888,3.4,3.0,100.0,2.0,C ,5.0
1901,jak-ut,09-10-2023,27.9,34.2,29.8,76.0,0,8.7,6.0,100.0,3.0,E ,4.0
1902,jak-ut,09-10-2024,28.5,33.7,30.0,76.0,0.0,6.4,5.0,40.0,2.0,C,9.0
1903,jak-ut,09-11-2021,25.2,32.0,29.3,81.0,0.0,5.9,4.0,350.0,2.0,NW,7.0
1904,jak-ut,09-11-2022,26,31.2,28.1,82.0,8888,0.9,4.0,260.0,1.0,W ,5.0
1905,jak-ut,09-11-2023,27.6,33.2,30.3,79.0,0,8,7.0,20.0,2.0,C ,2.0
1906,jak-ut,09-11-2024,28.0,33.8,30.0,76.0,0.0,8.0,6.0,100.0,2.0,C,6.0
1907,jak-ut,09-12-2021,25.2,31.3,28.1,82.0,18.6,9.6,5.0,290.0,2.0,W ,4.0
1908,jak-ut,09-12-2022,25.6,30.4,27.3,85.0,3.9,2.1,8.0,270.0,2.0,C ,7.0
1909,jak-ut,09-12-2023,27.0,31.8,29.2,84.0,0,5.9,4.0,40.0,1.0,C ,2.0
1910,jak-ut,09-12-2024,26.0,29.6,26.3,94.0,2.5,3.5,4.0,250.0,1.0,C,4.0
1911,jak-ut,10-01-2021,24.8,29.9,27.0,86.0,31.5,4.0,7.0,310.0,3.0,W ,1.0
1912,jak-ut,10-01-2022,27.2,31.2,28.2,81.0,0.0,5.4,7.0,280.0,3.0,NW,18.0
1913,jak-ut,10-01-2023,26.8,33.2,29.6,74.0,0,8.4,6.0,270.0,3.0,W ,9.0
1914,jak-ut,10-01-2024,27.2,33.0,29.5,79.0,0,7.5,5.0,260.0,3.0,W ,1.0
1915,jak-ut,10-02-2021,25.4,30.5,27.5,86.0,2,4.3,7.0,300.0,3.0,W ,3.0
1916,jak-ut,10-02-2022,25.0,30.8,27.5,78.0,3.5,6.5,7.0,270.0,3.0,W ,5.0
1917,jak-ut,10-02-2023,24,31.8,28.3,79.0,10.0,3.0,6.0,280.0,2.0,W ,8.0
1918,jak-ut,10-02-2024,25.8,31.6,28.8,84.0,18,7.3,5.0,300.0,2.0,C ,12.0
1919,jak-ut,10-03-2021,25.4,30.8,27.6,84.0,8.8,5.5,8.0,300.0,2.0,N ,6.0
1920,jak-ut,10-03-2022,26,32,28.4,79.0,0,2.7,4.0,20.0,1.0,C ,21.0
1921,jak-ut,10-03-2023,24.4,31.6,28.3,85.0,6.5,7.6,6.0,330.0,2.0,C ,12.0
1922,jak-ut,10-03-2024,23.8,30.6,28.1,88.0,43.1,0.0,5.0,320.0,2.0,C ,23.0
1923,jak-ut,10-04-2021,24.6,31.6,27.6,88.0,3.2,9.1,4.0,340.0,2.0,C ,9.0
1924,jak-ut,10-04-2022,26.4,32.6,29.3,76.0,0,7.6,3.0,60.0,1.0,C ,5.0
1925,jak-ut,10-04-2023,27.2,32.4,28.8,78,0,6.6,6,280,4,W ,21.0
1926,jak-ut,10-04-2024,26.8,33.0,29.2,81.0,9,1.4,4.0,120.0,1.0,C ,36.0
1927,jak-ut,10-05-2021,25.4,33.4,29.5,80.0,18.5,7.3,6.0,50.0,3.0,SE,4.0
1928,jak-ut,10-05-2022,-,34.0,30.2,78.0,8888,4.1,5.0,80.0,2.0,NE,22.0
1929,jak-ut,10-05-2023,27.4,34.2,30.3,80.0,0,6.4,6.0,50.0,3.0,SE,9.0
1930,jak-ut,10-05-2024,27.8,34.4,31.1,78.0,0,8.8,5.0,60.0,3.0,E ,57.0
1931,jak-ut,10-06-2021,27.6,32.4,29.5,76.0,0,7.4,6.0,40.0,2.0,C ,9.0
1932,jak-ut,10-06-2022,24.8,34.0,28.5,78.0,5.2,1.4,5.0,70.0,2.0,NE,11.0
1933,jak-ut,10-06-2023,27.2,34.0,29.6,77.0,-,9.0,5.0,40.0,2.0,C ,4.0
1934,jak-ut,10-06-2024,27.8,33.2,30.6,76.0,0,7.3,5.0,10.0,3.0,E ,20.0
1935,jak-ut,10-07-2021,27.5,32.6,29.5,74.0,0,8.9,6.0,110.0,4.0,SE,2.0
1937,jak-ut,10-07-2022,25.8,33.4,28.6,73,-,7.9,5.0,130.0,3.0,SE,17.0
1938,jak-ut,10-07-2023,26.1,33.4,29.3,79.0,0,6.5,8.0,20.0,4.0,N ,5.0
1939,jak-ut,10-07-2024,26,33.0,29.1,77,0,8,5.0,100.0,2.0,C,17.0
1940,jak-ut,10-08-2021,-,30.4,27.1,84.0,58.7,10.1,4.0,40.0,2.0,C ,2.0
1941,jak-ut,10-08-2022,26.4,33.6,29.3,76.0,0,8.7,6.0,350.0,2.0,C ,15.0
1942,jak-ut,10-08-2023,26.6,32.8,28.5,78.0,0,9.0,6.0,140.0,2.0,NE,5.0
1943,jak-ut,10-08-2024,26.6,33.2,29.6,77.0,0.0,8.0,5.0,40.0,2.0,NE,11.0
1944,jak-ut,10-09-2021,25.7,33.1,29.0,66.0,-,7.6,4.0,300.0,2.0,S ,2.0
1945,jak-ut,10-09-2022,24.4,30.2,26.8,86.0,34.6,2.0,3.0,80.0,1.0,C ,13.0
1946,jak-ut,10-09-2023,26.6,32.5,28.9,71.0,0,8.2,6.0,10.0,2.0,N ,6.0
1947,jak-ut,10-09-2024,27.0,31.6,28.3,82.0,8888.0,8.0,4.0,50.0,2.0,S,9.0
1948,jak-ut,10-10-2021,26.9,33.4,30.2,72,0.0,8.2,5.0,320.0,2.0,C ,4.0
1949,jak-ut,10-10-2022,26.1,30.6,28.0,81.0,0,3.6,4.0,120.0,1.0,C ,13.0
1950,jak-ut,10-10-2023,28.4,34.2,30.5,77.0,0,7.9,6.0,40.0,3.0,E ,4.0
1951,jak-ut,10-10-2024,28.5,33.8,30.8,76.0,0.0,8.0,4.0,40.0,2.0,SE,5.0
1952,jak-ut,10-11-2021,26.0,32.9,28.5,74.0,0.2,8.2,5.0,260.0,2.0,W ,6.0
1953,jak-ut,10-11-2022,26.2,30.2,27.7,85.0,0.5,0.2,6.0,290.0,2.0,C ,10.0
1954,jak-ut,10-11-2023,27.8,33.8,29.6,82.0,0,8,6.0,150.0,2.0,C ,0.0
1955,jak-ut,10-11-2024,27.6,33.8,29.7,76.0,0.0,7.1,7.0,30.0,2.0,C,4.0
1956,jak-ut,10-12-2021,25.8,31.4,28.4,80.0,8888.0,2.6,5.0,340.0,2.0,N ,10.0
1957,jak-ut,10-12-2022,24.6,32.2,27.4,85.0,7.2,3.8,5.0,30.0,2.0,W ,12.0
1958,jak-ut,10-12-2023,27.0,31.2,29.1,85.0,0,0.6,4.0,50.0,2.0,C ,4.0
1959,jak-ut,10-12-2024,24.6,30.6,28.1,81.0,26.4,0.0,6.0,260.0,3.0,W,10.0
1960,jak-ut,11-01-2021,24.8,30.8,27.9,82.0,0,0.2,6.0,300.0,3.0,W ,0.0
1961,jak-ut,11-01-2022,24.6,31.7,27.1,84.0,43.9,2.8,5.0,310.0,3.0,NW,9.0
1962,jak-ut,11-01-2023,26.4,31,28.3,77.0,-,4.8,4.0,270.0,1.0,C ,4.0
1963,jak-ut,11-01-2024,27.2,32.6,28.1,84.0,0,6.5,5.0,310.0,2.0,W ,4.0
1964,jak-ut,11-02-2021,25.8,31.0,27.5,84.0,0.1,1.3,7.0,280.0,2.0,W ,1.0
1965,jak-ut,11-02-2022,25.2,31.2,28.3,78.0,0.0,0.3,6.0,320.0,2.0,C ,12.0
1966,jak-ut,11-02-2023,26,30.0,27.9,85.0,4.9,7.5,5.0,270.0,3.0,W ,14.0
1967,jak-ut,11-02-2024,26.2,31.8,29,82.0,33.8,4.5,5.0,320.0,2.0,NW,6.0
1968,jak-ut,11-03-2021,23.2,30.3,26.0,85.0,28,5.1,5.0,290.0,2.0,C ,4.0
1969,jak-ut,11-03-2022,24.6,31.2,28.6,74.0,-,7,7.0,330.0,3.0,W ,13.0
1970,jak-ut,11-03-2023,-,31.8,28.4,84.0,-,9.2,4.0,340.0,1.0,C ,9.0
1971,jak-ut,11-03-2024,26,29.2,28.4,86.0,9.5,0.6,6.0,300.0,4.0,NW,19.0
1972,jak-ut,11-04-2021,25.2,32.4,28.7,84.0,0,3.9,4.0,160.0,2.0,S ,3.0
1973,jak-ut,11-04-2022,26.6,33,29.1,77.0,0,8.6,7.0,170.0,1.0,C ,22.0
1974,jak-ut,11-04-2023,25.4,31.7,28.9,78,2,5.6,10,260,6,W ,13.0
1975,jak-ut,11-04-2024,26.8,33.0,29.3,84.0,-,6.6,5.0,110.0,1.0,C ,41.0
1976,jak-ut,11-05-2021,27.2,34.6,30.1,80.0,-,9.2,5.0,80.0,3.0,SE,8.0
1977,jak-ut,11-05-2022,-,32.0,28.6,84.0,2.5,6.9,5.0,270.0,2.0,NW,22.0
1978,jak-ut,11-05-2023,28.6,31.8,29.4,78.0,0,6.1,9.0,100.0,5.0,E ,12.0
1979,jak-ut,11-05-2024,28,34.4,31.2,77.0,-,8.9,5.0,60.0,3.0,E ,50.0
1980,jak-ut,11-06-2021,27.4,32.6,29.5,74.0,0,4.9,5.0,30.0,2.0,S ,6.0
1981,jak-ut,11-06-2022,25.2,32.1,28.4,84.0,1.3,8.9,7.0,100.0,2.0,C ,18.0
1982,jak-ut,11-06-2023,26.8,34.0,29.1,76.0,0,8.2,5.0,60.0,2.0,C ,3.0
1983,jak-ut,11-06-2024,27.8,32.6,28.8,85.0,0,8.5,4.0,40.0,2.0,C ,17.0
1984,jak-ut,11-07-2021,27.2,32.0,28.7,78.0,0,4.7,8.0,80.0,4.0,E ,0.0
1985,jak-ut,11-07-2022,25.8,31.8,28.7,73,0,9.2,4.0,90.0,1.0,C ,20.0
1986,jak-ut,11-07-2023,26.7,32.2,28.9,76.0,0,6.2,4.0,10.0,2.0,N ,4.0
1987,jak-ut,11-07-2024,26.8,32.6,28.9,80,0,5.8,3.0,170.0,1.0,C,12.0
1988,jak-ut,11-08-2021,24.8,33.2,28.9,70.0,8888,0.6,6.0,80.0,2.0,E ,2.0
1989,jak-ut,11-08-2022,27,33.4,29.5,77.0,0,7.0,5.0,60.0,2.0,C ,16.0
1990,jak-ut,11-08-2023,26.8,32.8,28.8,83.0,0,8.6,4.0,30.0,2.0,E ,6.0
1991,jak-ut,11-08-2024,27.6,32.4,29.8,72.0,8888.0,8.0,5.0,100.0,2.0,E,8.0
1992,jak-ut,11-09-2021,26.4,32.3,29.1,70.0,0,10.9,5.0,20.0,2.0,C ,5.0
1993,jak-ut,11-09-2022,25.2,31.3,28.1,81.0,-,1.2,6.0,40.0,2.0,C ,10.0
1994,jak-ut,11-09-2023,26.8,33.5,29.8,72.0,0,7.7,6.0,40.0,2.0,NE,4.0
1995,jak-ut,11-09-2024,26.8,34.2,29.6,71.0,0.0,2.5,5.0,110.0,2.0,C,7.0
1996,jak-ut,11-10-2021,27.6,33.2,-,-,0.0,5.1,5.0,340.0,2.0,C ,5.0
1997,jak-ut,11-10-2022,26.4,31.2,27.6,88.0,8888,3.8,4.0,230.0,1.0,C ,6.0
1998,jak-ut,11-10-2023,28.4,33.2,30.3,75.0,0,7.7,5.0,50.0,2.0,NE,4.0
1999,jak-ut,11-10-2024,26.4,34.2,30.7,74.0,0.0,6.5,7.0,60.0,3.0,E,10.0
2000,jak-ut,11-11-2021,26.1,31.5,28.6,76.0,2.0,0.4,3.0,280.0,2.0,SW,5.0
2001,jak-ut,11-11-2022,26.4,32.3,28.1,81.0,7.8,0.2,7.0,290.0,3.0,W ,6.0
2002,jak-ut,11-11-2023,25.8,32.2,29.4,83.0,10.7,4.2,5.0,60.0,2.0,C ,5.0
2003,jak-ut,11-11-2024,27.8,33.0,28.9,80.0,8888.0,6.6,4.0,160.0,1.0,C,3.0
2004,jak-ut,11-12-2021,25,31.4,28.1,79.0,3.7,7,6.0,300.0,2.0,W ,4.0
2005,jak-ut,11-12-2022,25.4,31.6,28.7,75.0,0.7,6.4,9.0,270.0,5.0,W ,8.0
2006,jak-ut,11-12-2023,26.0,33.5,30.4,80.0,0,0.0,5.0,70.0,2.0,C ,5.0
2007,jak-ut,11-12-2024,26.0,33.0,29.6,79.0,0.4,0.6,6.0,250.0,3.0,W,8.0
2008,jak-ut,12-01-2021,25.9,30,27.1,87.0,0,6.1,6.0,300.0,3.0,W ,0.0
2009,jak-ut,12-01-2022,24.6,31.3,27.7,83.0,20.0,3.9,8.0,270.0,3.0,SW,13.0
2010,jak-ut,12-01-2023,26.4,32,28.9,74.0,0,0,3.0,50.0,1.0,C ,10.0
2011,jak-ut,12-01-2024,25.8,34.0,29.0,78.0,12.8,6.4,7.0,280.0,3.0,W ,2.0
2012,jak-ut,12-02-2021,26.0,29.8,28.0,80.0,-,6.4,6.0,330.0,3.0,NW,0.0
2013,jak-ut,12-02-2022,26.3,30.2,28.3,81.0,0.0,3.1,5.0,340.0,2.0,C ,2.0
2014,jak-ut,12-02-2023,24,28.2,25.2,92.0,34.0,2.2,6.0,250.0,3.0,W ,9.0
2015,jak-ut,12-02-2024,25.8,31.9,28.7,85.0,8.2,9.4,5.0,300.0,2.0,W ,15.0
2016,jak-ut,12-03-2021,23.2,29.2,27.5,85.0,2.6,3,6.0,270.0,3.0,W ,4.0
2017,jak-ut,12-03-2022,26.8,31.2,27.7,83.0,13,7.2,7.0,310.0,3.0,W ,15.0
2018,jak-ut,12-03-2023,26.2,31.0,28.7,84.0,0,8.2,4.0,300.0,2.0,C ,6.0
2019,jak-ut,12-03-2024,27.4,31,28.9,83.0,1.9,0.0,6.0,300.0,3.0,W ,17.0
2020,jak-ut,12-04-2021,26.6,32.6,29.0,83.0,0,5.8,5.0,20.0,2.0,C ,3.0
2021,jak-ut,12-04-2022,26.4,33.2,29.2,79.0,0.5,8.4,5.0,30.0,1.0,C ,12.0
2022,jak-ut,12-04-2023,27.4,34,29.4,74,0.6,5.7,10,280,4,W ,16.0
2023,jak-ut,12-04-2024,25,32.6,28.0,88.0,74.5,6.3,3.0,350.0,1.0,C ,35.0
2024,jak-ut,12-05-2021,27.4,34.1,30.0,82.0,-,9.2,7.0,110.0,2.0,SE,5.0
2025,jak-ut,12-05-2022,26.4,32.8,29.6,80.0,0,3.0,6.0,270.0,3.0,W ,27.0
2026,jak-ut,12-05-2023,28,34.8,31.0,75.0,-,2.5,8.0,110.0,4.0,E ,7.0
2027,jak-ut,12-05-2024,28.8,35.6,31.3,75.0,0,0.0,5.0,70.0,3.0,E ,33.0
2028,jak-ut,12-06-2021,27.1,34.6,29.8,74.0,0,4.6,8.0,80.0,2.0,E ,4.0
2029,jak-ut,12-06-2022,26.4,31.5,28.4,81.0,0,5.7,3.0,320.0,1.0,C ,14.0
2030,jak-ut,12-06-2023,27.0,33.6,30.1,74.0,0,9.0,6.0,70.0,3.0,E ,9.0
2031,jak-ut,12-06-2024,25.8,31.8,29.1,81.0,22.4,3.3,5.0,40.0,2.0,C ,12.0
2032,jak-ut,12-07-2021,26.9,33.4,29.8,66.0,3.1,1.7,7.0,100.0,3.0,E ,2.0
2033,jak-ut,12-07-2022,26.6,33.0,29.7,78,0,2.4,5.0,90.0,3.0,E ,15.0
2034,jak-ut,12-07-2023,26.6,32.2,29.2,79.0,1.5,8.7,3.0,10.0,1.0,C ,3.0
2035,jak-ut,12-07-2024,26.8,33.4,29.3,73,0,7.5,4.0,50.0,2.0,C,11.0
2036,jak-ut,12-08-2021,25.5,34.8,29.3,63.0,0,9.4,4.0,80.0,2.0,E ,4.0
2037,jak-ut,12-08-2022,27.2,32.9,29.7,78.0,-,8.6,4.0,60.0,2.0,C ,6.0
2038,jak-ut,12-08-2023,26.0,32.8,28.5,74.0,0,6.5,8.0,30.0,2.0,C ,1.0
2039,jak-ut,12-08-2024,27.0,33.0,29.1,68.0,0.0,7.7,7.0,80.0,2.0,E,16.0
2040,jak-ut,12-09-2021,26.8,31.4,28.9,77.0,0,6.4,6.0,100.0,2.0,SE,2.0
2041,jak-ut,12-09-2022,25.6,31.9,28.3,82.0,1,9.5,4.0,240.0,2.0,C ,13.0
2042,jak-ut,12-09-2023,26.8,34.8,29.8,70.0,0,9.1,7.0,40.0,3.0,N ,5.0
2043,jak-ut,12-09-2024,27.0,32.6,29.6,77.0,0.0,4.3,6.0,30.0,2.0,C,4.0
2044,jak-ut,12-10-2021,27.0,33.0,29.7,67,0.0,-,6.0,40.0,2.0,NE,5.0
2045,jak-ut,12-10-2022,24.7,31.2,28.0,80.0,15.5,0.2,5.0,40.0,2.0,C ,8.0
2046,jak-ut,12-10-2023,28.6,34.4,30.3,77.0,0,-,5.0,100.0,2.0,NE,1.0
2047,jak-ut,12-10-2024,28.6,33.9,30.4,78.0,0.0,8.0,7.0,70.0,2.0,NE,8.0
2048,jak-ut,12-11-2021,26.7,34.0,28.6,72.0,0.0,0.0,5.0,260.0,2.0,C ,2.0
2049,jak-ut,12-11-2022,26,32.4,28.0,81.0,3,2.1,5.0,20.0,2.0,C ,6.0
2050,jak-ut,12-11-2023,27.2,33.6,30.2,80.0,0,4.1,5.0,40.0,1.0,C ,0.0
2051,jak-ut,12-11-2024,26.0,32.6,28.8,80.0,2.5,2.9,4.0,70.0,2.0,C,3.0
2052,jak-ut,12-12-2021,26.4,32,29.2,73.0,0.0,3.4,7.0,290.0,3.0,W ,7.0
2053,jak-ut,12-12-2022,26.0,32.6,28.0,82.0,0,5.0,6.0,190.0,3.0,W ,10.0
2054,jak-ut,12-12-2023,28.0,33.8,30.3,78.0,0,9.2,5.0,320.0,2.0,C ,3.0
2055,jak-ut,12-12-2024,26.2,34.4,29.8,71.0,0.0,4.9,8.0,270.0,4.0,W,10.0
2056,jak-ut,13-01-2021,25.8,-,27.1,86.0,3.5,0.7,7.0,330.0,4.0,NW,0.0
2057,jak-ut,13-01-2022,25,30.4,27.6,82.0,18.4,5.9,5.0,320.0,2.0,NW,9.0
2058,jak-ut,13-01-2023,27.0,32.2,29.4,76.0,0,8.9,5.0,30.0,1.0,C ,9.0
2059,jak-ut,13-01-2024,26.4,31.5,28.4,84.0,0,3.9,8.0,300.0,3.0,SW,9.0
2060,jak-ut,13-02-2021,25.2,30.2,27.6,85.0,13.9,4.2,6.0,320.0,3.0,NW,2.0
2061,jak-ut,13-02-2022,27.2,29.8,27.8,78.0,0.0,0.0,3.0,350.0,1.0,C ,4.0
2062,jak-ut,13-02-2023,24,31.0,28.2,79.0,2.0,0.0,7.0,270.0,3.0,W ,8.0
2063,jak-ut,13-02-2024,26,31.6,28.9,84.0,11.5,6.3,6.0,320.0,2.0,C ,9.0
2064,jak-ut,13-03-2021,-,31.8,28.5,79.0,4.5,-,6.0,300.0,3.0,W ,5.0
2065,jak-ut,13-03-2022,26.7,32,28.7,82.0,7.9,3.9,4.0,170.0,1.0,C ,9.0
2066,jak-ut,13-03-2023,26.3,31.8,28.5,80.0,8888,4.3,6.0,270.0,2.0,C ,23.0
2067,jak-ut,13-03-2024,26.7,31.4,28.7,85.0,3.7,3.4,6.0,280.0,4.0,W ,23.0
2068,jak-ut,13-04-2021,25.8,32.6,28.0,86.0,17.2,9.4,5.0,150.0,2.0,C ,3.0
2069,jak-ut,13-04-2022,27,32.8,29.6,76.0,-,6.5,3.0,140.0,2.0,S ,23.0
2070,jak-ut,13-04-2023,26.6,34.7,29.6,74,8888,6.9,6,270,3,W ,21.0
2071,jak-ut,13-04-2024,26,32.9,29.5,82.0,11.5,5.1,4.0,50.0,2.0,NE,40.0
2072,jak-ut,13-05-2021,27.9,33.3,29.8,84.0,0,7.5,7.0,70.0,3.0,SE,3.0
2073,jak-ut,13-05-2022,27.2,32.6,29.6,76.0,-,6.2,4.0,300.0,2.0,W ,19.0
2074,jak-ut,13-05-2023,28.2,33.1,29.8,81.0,0,9.2,5.0,20.0,2.0,C ,9.0
2075,jak-ut,13-05-2024,28.6,34.0,31.2,75.0,-,5.8,6.0,30.0,3.0,NE,52.0
2076,jak-ut,13-06-2021,26,33.6,29.6,75.0,0,7.8,7.0,100.0,3.0,SE,7.0
2077,jak-ut,13-06-2022,26.2,31.8,28.1,79.0,-,5.5,3.0,300.0,1.0,C ,22.0
2078,jak-ut,13-06-2023,27.4,34.2,30.1,77.0,-,7.1,4.0,50.0,2.0,E ,10.0
2079,jak-ut,13-06-2024,27,32.4,29.3,80.0,0,7.0,5.0,70.0,3.0,SE,17.0
2080,jak-ut,13-07-2021,26,31.2,27.7,76.0,0,10.7,7.0,330.0,3.0,NW,2.0
2081,jak-ut,13-07-2022,27.4,31.2,28.4,84,-,4.2,25.0,40.0,3.0,C ,16.0
2082,jak-ut,13-07-2023,27.0,32.8,29.2,75.0,0,8.3,4.0,10.0,1.0,C ,3.0
2083,jak-ut,13-07-2024,25.8,32.2,28.4,72,0,8,5.0,100.0,1.0,C,11.0
2084,jak-ut,13-08-2021,26,31,28.4,72.0,0,10,5.0,40.0,2.0,C ,4.0
2085,jak-ut,13-08-2022,26.5,31.8,29.0,77.0,0,8.6,6.0,350.0,2.0,C ,6.0
2086,jak-ut,13-08-2023,25.8,31.8,27.9,77.0,-,8.7,6.0,70.0,2.0,C ,5.0
2087,jak-ut,13-08-2024,23.8,34.2,29.0,71.0,0.0,7.3,5.0,90.0,2.0,C,14.0
2088,jak-ut,13-09-2021,26.8,33.0,28.9,75.0,8888,2.4,8.0,60.0,3.0,E ,3.0
2089,jak-ut,13-09-2022,26.1,31.8,29.0,80.0,0,8.4,3.0,60.0,2.0,C ,9.0
2090,jak-ut,13-09-2023,26.8,32.4,29.2,74.0,0,9.5,5.0,10.0,2.0,N ,5.0
2091,jak-ut,13-09-2024,24.3,31.8,27.9,84.0,8.1,5.9,6.0,340.0,2.0,C,6.0
2092,jak-ut,13-10-2021,27.8,33.6,30.1,67,0.0,5.6,5.0,30.0,1.0,C ,5.0
2093,jak-ut,13-10-2022,25.8,32.2,27.8,81.0,1,7.4,4.0,180.0,1.0,C ,7.0
2094,jak-ut,13-10-2023,28.8,33.6,30.6,77.0,0,8.1,6.0,40.0,2.0,C ,3.0
2095,jak-ut,13-10-2024,28.2,32.0,29.8,76.0,0.0,4.1,5.0,100.0,1.0,C,4.0
2096,jak-ut,13-11-2021,24.2,31.2,27.4,86.0,23.3,2.4,3.0,310.0,1.0,C ,7.0
2097,jak-ut,13-11-2022,25.2,30.4,27.1,85.0,1.5,6.2,4.0,50.0,1.0,C ,7.0
2098,jak-ut,13-11-2023,27.8,35.4,31.3,77.0,-,8.6,6.0,60.0,2.0,C ,4.0
2099,jak-ut,13-11-2024,27.2,33.2,29.9,76.0,0.0,4.8,6.0,20.0,3.0,E,2.0
2100,jak-ut,13-12-2021,26.4,31.8,29.4,73.0,0.0,7.2,8.0,280.0,3.0,W ,14.0
2101,jak-ut,13-12-2022,26.0,32.6,28.8,73.0,2.3,6.8,7.0,260.0,4.0,W ,8.0
2102,jak-ut,13-12-2023,26.8,33.2,30.6,79.0,0,6.0,5.0,340.0,2.0,W ,5.0
2103,jak-ut,13-12-2024,27.2,32.6,30.1,72.0,0.0,5.8,7.0,300.0,4.0,W,6.0
2104,jak-ut,14-01-2021,-,29,27.7,83.0,0.5,0.0,5.0,310.0,3.0,NW,2.0
2105,jak-ut,14-01-2022,24.2,31.2,26.7,86.0,22.2,0,6.0,300.0,2.0,W ,15.0
2106,jak-ut,14-01-2023,27.2,32.2,29.3,76.0,-,6.4,4.0,350.0,2.0,C ,2.0
2107,jak-ut,14-01-2024,26.6,31.8,29.5,81.0,10.5,1.7,6.0,350.0,3.0,W ,2.0
2108,jak-ut,14-02-2021,25.8,28.3,27.8,87.0,8888,4.0,3.0,340.0,2.0,N ,0.0
2109,jak-ut,14-02-2022,25.6,30.8,27.0,82.0,0.0,0.4,6.0,260.0,1.0,C ,6.0
2110,jak-ut,14-02-2023,25,31.4,27.3,81.0,0.1,1.2,7.0,270.0,4.0,W ,10.0
2111,jak-ut,14-02-2024,23.8,30.6,28.3,87.0,129,8.1,2.0,290.0,0.0,C ,12.0
2112,jak-ut,14-03-2021,26.2,30.6,26.9,80.0,-,-,9.0,270.0,3.0,W ,3.0
2113,jak-ut,14-03-2022,27,33,28.8,82.0,0,7.5,5.0,20.0,1.0,C ,19.0
2114,jak-ut,14-03-2023,26,28.3,27.1,87.0,16.2,-,5.0,310.0,3.0,N ,14.0
2115,jak-ut,14-03-2024,25.8,30.8,27.6,87.0,0,1.2,6.0,330.0,2.0,NW,22.0
2116,jak-ut,14-04-2021,26.0,32.0,28.2,87.0,1,6.3,6.0,10.0,2.0,S ,10.0
2117,jak-ut,14-04-2022,26,32.5,29.1,75.0,-,8.0,4.0,60.0,2.0,NE,19.0
2118,jak-ut,14-04-2023,26.8,32.8,28.5,80,-,6.4,5,20,2,C ,17.0
2119,jak-ut,14-04-2024,26.8,33.0,29.2,83.0,7,9.2,5.0,150.0,1.0,C ,37.0
2120,jak-ut,14-05-2021,28,33.9,30.0,80.0,0,6.9,6.0,80.0,3.0,E ,6.0
2121,jak-ut,14-05-2022,27.8,33.6,30.0,79.0,0,8.0,4.0,50.0,2.0,E ,21.0
2122,jak-ut,14-05-2023,26.8,33.4,29.9,72.0,5,8.9,4.0,70.0,1.0,C ,3.0
2123,jak-ut,14-05-2024,28.6,32.6,29.2,83.0,-,8.5,6.0,30.0,1.0,C ,44.0
2124,jak-ut,14-06-2021,27.4,32.8,29.1,78.0,0,6.5,6.0,120.0,3.0,E ,3.0
2125,jak-ut,14-06-2022,26.1,31.0,28.6,79.0,0,2.3,5.0,40.0,2.0,C ,19.0
2126,jak-ut,14-06-2023,27.5,33.2,30.0,77.0,-,7.7,5.0,20.0,2.0,C ,6.0
2127,jak-ut,14-06-2024,27.2,33,30,77.0,0,3.3,4.0,60.0,2.0,NE,17.0
2128,jak-ut,14-07-2021,21.6,31.0,28.1,78.0,8888,0.8,2.0,330.0,2.0,NW,2.0
2129,jak-ut,14-07-2022,26.0,32.6,29.1,77,0.3,0.9,5.0,60.0,3.0,E ,18.0
2130,jak-ut,14-07-2023,27.0,32.6,29.4,74.0,0,5.5,6.0,10.0,2.0,NE,9.0
2131,jak-ut,14-07-2024,25.6,31.9,28.2,71,0,7.4,5.0,70.0,2.0,E,9.0
2132,jak-ut,14-08-2021,26.5,33.5,29.1,72.0,-,0.3,9.0,50.0,2.0,E ,0.0
2133,jak-ut,14-08-2022,26.8,33.6,29.2,78.0,0,6.6,8.0,60.0,2.0,C ,10.0
2134,jak-ut,14-08-2023,25.8,32.5,28.6,77.0,0,8.0,7.0,30.0,3.0,E ,4.0
2135,jak-ut,14-08-2024,26.0,34.6,29.8,72.0,0.0,8.0,5.0,30.0,2.0,SE,14.0
2136,jak-ut,14-09-2021,24.4,27.6,25.7,90.0,64.4,5.8,3.0,190.0,1.0,C ,2.0
2137,jak-ut,14-09-2022,26,31.7,28.6,74.0,0,6.5,4.0,60.0,2.0,C ,12.0
2138,jak-ut,14-09-2023,26.6,33.4,28.9,68.0,0,8.3,6.0,10.0,2.0,N ,1.0
2139,jak-ut,14-09-2024,25.4,33.0,29.1,69.0,0.0,7.7,5.0,200.0,2.0,C,6.0
2140,jak-ut,14-10-2021,27.4,33.3,30.1,71,0.0,7.9,5.0,10.0,2.0,N ,5.0
2141,jak-ut,14-10-2022,24.8,32.2,28.6,80.0,47.2,7.6,4.0,30.0,2.0,NW,9.0
2142,jak-ut,14-10-2023,28.4,33.4,30.4,72.0,0,7.3,6.0,60.0,2.0,NE,3.0
2143,jak-ut,14-10-2024,27.3,33.2,29.9,76.0,0.0,0.8,6.0,220.0,2.0,W,4.0
2144,jak-ut,14-11-2021,26.2,33.6,29.5,73.0,0.8,2.0,6.0,300.0,3.0,NW,1.0
2145,jak-ut,14-11-2022,25,32.4,28.3,82.0,0.2,2.1,4.0,240.0,1.0,C ,7.0
2146,jak-ut,14-11-2023,28,33.9,29.4,83.0,0,9,6.0,20.0,2.0,C ,4.0
2147,jak-ut,14-11-2024,28.0,33.8,30.4,77.0,0.1,6.6,5.0,20.0,2.0,C,5.0
2148,jak-ut,14-12-2021,27.1,30.6,28.8,81.0,0.0,8.4,6.0,310.0,2.0,NW,8.0
2149,jak-ut,14-12-2022,27.0,32.4,28.4,80.0,0,5.5,5.0,270.0,3.0,W ,12.0
2150,jak-ut,14-12-2023,27.0,33.9,30.9,77.0,0,8.5,4.0,270.0,2.0,C ,1.0
2151,jak-ut,14-12-2024,27.2,32.2,28.6,76.0,8888.0,6.1,6.0,260.0,3.0,W,7.0
2152,jak-ut,15-01-2021,26.8,30,27.9,82.0,-,0.0,5.0,300.0,2.0,W ,0.0
2153,jak-ut,15-01-2022,24.8,-,26.9,85.0,15.8,1,5.0,310.0,2.0,C ,12.0
2154,jak-ut,15-01-2023,26.6,33,29.3,74.0,0,8.8,8.0,270.0,4.0,W ,5.0
2155,jak-ut,15-01-2024,27.0,33.1,29.6,79.0,0,6.8,5.0,270.0,3.0,W ,4.0
2156,jak-ut,15-02-2021,25.3,30.5,27.5,88.0,36.1,0.0,5.0,290.0,2.0,NW,1.0
2157,jak-ut,15-02-2022,24.6,31.4,27.5,82.0,9.5,1.0,6.0,120.0,1.0,C ,3.0
2158,jak-ut,15-02-2023,-,32.0,28.7,76.0,0.0,2.4,8.0,270.0,4.0,W ,7.0
2159,jak-ut,15-02-2024,25,31.2,28.9,87.0,9.2,2.4,6.0,260.0,2.0,C ,10.0
2160,jak-ut,15-03-2021,24.2,29.6,27.7,85.0,26.7,5.9,4.0,40.0,1.0,C ,2.0
2161,jak-ut,15-03-2022,25.8,30.9,28.2,80.0,9.4,7.1,4.0,260.0,2.0,W ,19.0
2162,jak-ut,15-03-2023,24,28.2,24.8,96.0,36.4,0,3.0,300.0,0.0,C ,16.0
2163,jak-ut,15-03-2024,24.6,30.2,27.5,85.0,23.7,0.0,7.0,280.0,3.0,W ,25.0
2164,jak-ut,15-04-2021,26.1,32.0,27.8,86.0,0.5,7.6,5.0,340.0,2.0,C ,5.0
2165,jak-ut,15-04-2022,26.8,33.6,29.9,76.0,0,9.0,6.0,40.0,2.0,C ,18.0
2166,jak-ut,15-04-2023,26.6,32,29.3,80,17,7.7,4,20,2,C ,12.0
2167,jak-ut,15-04-2024,27,34.0,30.6,78.0,0,5.4,5.0,60.0,3.0,NE,44.0
2168,jak-ut,15-05-2021,28,33.7,30.2,80.0,-,6.5,5.0,90.0,2.0,SE,13.0
2169,jak-ut,15-05-2022,27.4,33.6,29.0,87.0,0,4.5,4.0,70.0,1.0,C ,15.0
2170,jak-ut,15-05-2023,27,33.5,29.3,74.0,-,8.3,3.0,230.0,1.0,C ,15.0
2171,jak-ut,15-05-2024,27.6,34.0,30.9,75.0,-,0.0,7.0,40.0,3.0,E ,45.0
2172,jak-ut,15-06-2021,26.2,32.8,28.1,78.0,0.2,1.1,6.0,50.0,3.0,SE,6.0
2173,jak-ut,15-06-2022,26.7,30.0,27.6,85.0,8888,1.1,5.0,50.0,1.0,C ,20.0
2174,jak-ut,15-06-2023,27.7,33.1,29.7,77.0,0,7.7,6.0,60.0,2.0,E ,2.0
2175,jak-ut,15-06-2024,27.4,32.6,28.8,84.0,8888,9.0,4.0,350.0,2.0,C ,21.0
2176,jak-ut,15-07-2021,26.5,31.8,28.8,73.0,8888,0.9,6.0,360.0,2.0,C ,0.0
2177,jak-ut,15-07-2022,26.4,32.8,29.1,79,0,8.6,6.0,100.0,3.0,E ,19.0
2178,jak-ut,15-07-2023,27.4,32.6,29.2,78.0,8888,9.3,5.0,10.0,1.0,C ,6.0
2179,jak-ut,15-07-2024,24.8,32.4,27.8,71,0,8,4.0,50.0,1.0,C,14.0
2180,jak-ut,15-08-2021,26.7,35,30.1,66.0,0,9.4,9.0,100.0,4.0,E ,1.0
2181,jak-ut,15-08-2022,27,32.4,28.9,78.0,0,8.3,5.0,70.0,2.0,C ,17.0
2182,jak-ut,15-08-2023,26.4,32.0,28.4,76.0,0,8.7,5.0,20.0,2.0,C ,12.0
2183,jak-ut,15-08-2024,27.0,33.5,29.2,76.0,0.0,8.0,4.0,340.0,1.0,C,12.0
2184,jak-ut,15-09-2021,23.6,31.0,28.0,81.0,6.1,0.0,5.0,40.0,2.0,NE,5.0
2185,jak-ut,15-09-2022,26.3,32.8,29.0,74.0,0,4.4,4.0,20.0,1.0,C ,17.0
2186,jak-ut,15-09-2023,26.6,34.0,29.5,66.0,0,9.0,9.0,10.0,3.0,N ,6.0
2187,jak-ut,15-09-2024,26.6,33.4,29.1,74.0,0.0,7.9,4.0,50.0,1.0,C,6.0
2188,jak-ut,15-10-2021,27.8,34.2,30.5,71,0.0,2.4,5.0,40.0,2.0,NE,4.0
2189,jak-ut,15-10-2022,26.4,31.8,28.6,81.0,0,8.4,5.0,40.0,1.0,C ,3.0
2190,jak-ut,15-10-2023,28.4,35.4,30.9,70.0,-,8.4,8.0,60.0,3.0,E ,3.0
2191,jak-ut,15-10-2024,27.2,33.2,29.0,77.0,0.0,7.0,5.0,60.0,1.0,C,6.0
2192,jak-ut,15-11-2021,26.4,30.2,28.1,77.0,0.6,5.8,5.0,290.0,3.0,W ,6.0
2193,jak-ut,15-11-2022,25.3,32.8,29.2,80.0,0,7.8,7.0,280.0,2.0,W ,6.0
2194,jak-ut,15-11-2023,25.4,33.6,29.9,82.0,31.2,6,6.0,50.0,1.0,C ,2.0
2195,jak-ut,15-11-2024,28.2,33.4,30.3,74.0,0.0,5.5,5.0,30.0,2.0,C,2.0
2196,jak-ut,15-12-2021,26.9,31.7,29.1,76.0,0.0,-,4.0,320.0,1.0,C ,12.0
2197,jak-ut,15-12-2022,26.6,34.8,29.6,74.0,1.2,6.3,5.0,280.0,2.0,W ,11.0
2198,jak-ut,15-12-2023,25.5,34.4,30.8,73.0,0,9.1,5.0,310.0,2.0,SW,4.0
2199,jak-ut,15-12-2024,27.2,31.2,28.1,80.0,4.5,0.0,8.0,290.0,2.0,W,4.0
2200,jak-ut,16-01-2021,26,32.3,28.9,76.0,-,0.2,7.0,280.0,3.0,W ,1.0
2201,jak-ut,16-01-2022,25,31.2,27.6,86.0,0.0,0.9,5.0,240.0,2.0,C ,7.0
2202,jak-ut,16-01-2023,26.8,31.6,29.0,75.0,0,7.1,6.0,300.0,3.0,W ,5.0
2203,jak-ut,16-01-2024,27.3,33.0,30.0,77.0,0,-,7.0,250.0,5.0,W ,3.0
2204,jak-ut,16-02-2021,24.6,27.2,26.0,93.0,78,4.6,5.0,350.0,1.0,C ,2.0
2205,jak-ut,16-02-2022,25.6,32.5,28.8,74.0,1.6,2.4,6.0,160.0,2.0,C ,7.0
2206,jak-ut,16-02-2023,26.4,30.4,27.3,84.0,1.0,3.6,6.0,300.0,3.0,W ,8.0
2207,jak-ut,16-02-2024,27.6,30.4,28.3,87.0,0.2,3.1,5.0,250.0,1.0,C ,14.0
2208,jak-ut,16-03-2021,26.6,31.3,28.4,81.0,-,0,6.0,310.0,2.0,C ,7.0
2209,jak-ut,16-03-2022,25.4,32.2,28.7,78.0,0.2,0.3,5.0,30.0,2.0,C ,14.0
2210,jak-ut,16-03-2023,24,31.2,27.6,86.0,18.5,0,5.0,340.0,1.0,C ,23.0
2211,jak-ut,16-03-2024,24.8,29.9,26.2,91.0,7,0.3,8.0,260.0,3.0,W ,27.0
2212,jak-ut,16-04-2021,26.0,32.2,28.8,84.0,1.8,3.8,5.0,30.0,2.0,NE,4.0
2213,jak-ut,16-04-2022,27.1,32.4,29.6,74.0,0,8.7,4.0,30.0,2.0,C ,16.0
2214,jak-ut,16-04-2023,26.8,32.1,28.9,80,-,9.0,4,310,2,W ,10.0
2215,jak-ut,16-04-2024,27,34.2,30.9,80.0,0,8.6,5.0,50.0,2.0,NE,52.0
2216,jak-ut,16-05-2021,28.2,33.2,30.1,78.0,0,9.8,5.0,40.0,2.0,NE,2.0
2217,jak-ut,16-05-2022,26.6,33.2,28.9,82.0,12.9,6.3,4.0,40.0,2.0,S ,15.0
2218,jak-ut,16-05-2023,27,33.0,29.8,74.0,0,8.6,5.0,40.0,2.0,C ,6.0
2219,jak-ut,16-05-2024,28,33.2,30.6,76.0,0,8.0,5.0,50.0,2.0,NE,36.0
2220,jak-ut,16-06-2021,26.4,32.4,28.7,78.0,8888,3.9,5.0,70.0,2.0,C ,6.0
2221,jak-ut,16-06-2022,25.2,29.6,27.0,88.0,9,0,4.0,30.0,1.0,C ,19.0
2222,jak-ut,16-06-2023,26.4,27.4,26.5,91.0,3.7,4.6,5.0,100.0,1.0,C ,8.0
2223,jak-ut,16-06-2024,24,30.8,28.5,85.0,82,4.9,4.0,350.0,1.0,C ,9.0
2224,jak-ut,16-07-2021,26.5,33.2,28.9,70.0,0,3.6,5.0,70.0,3.0,SE,3.0
2225,jak-ut,16-07-2022,23.0,31.2,26,83,49.8,8.4,4.0,240.0,2.0,SW,12.0
2226,jak-ut,16-07-2023,27.0,32.1,29.1,77.0,0,6.3,5.0,10.0,2.0,N ,3.0
2227,jak-ut,16-07-2024,25,33.6,28.6,68,0,8,5.0,70.0,2.0,C,9.0
2228,jak-ut,16-08-2021,26.8,33.4,29.2,68.0,0,9,6.0,60.0,3.0,E ,3.0
2229,jak-ut,16-08-2022,27.2,31.6,29.0,76.0,0,6.6,4.0,50.0,2.0,C ,13.0
2230,jak-ut,16-08-2023,26.6,32.4,28.7,76.0,0,8.2,6.0,70.0,2.0,C ,5.0
2231,jak-ut,16-08-2024,27.0,33.8,29.4,73.0,0.0,8.0,3.0,40.0,1.0,C,7.0
2232,jak-ut,16-09-2021,26.0,32.8,29.1,75.0,0,6.6,5.0,50.0,3.0,E ,5.0
2233,jak-ut,16-09-2022,26.5,33.0,29.5,73.0,0,6.9,4.0,100.0,1.0,C ,16.0
2234,jak-ut,16-09-2023,26.8,33.0,29.1,72.0,-,9.4,6.0,10.0,2.0,N ,4.0
2235,jak-ut,16-09-2024,26.5,33.0,29.2,72.0,0.0,8.0,5.0,100.0,2.0,S,5.0
2236,jak-ut,16-10-2021,27.6,33.4,30.1,72,0.0,10.8,4.0,130.0,2.0,NE,3.0
2237,jak-ut,16-10-2022,26.8,31.6,28.8,82.0,2,3.2,3.0,140.0,1.0,C ,5.0
2238,jak-ut,16-10-2023,-,34.6,30.1,76.0,-,7.5,6.0,40.0,2.0,E ,2.0
2239,jak-ut,16-10-2024,27.4,33.8,29.8,75.0,1.0,3.0,4.0,60.0,2.0,S,7.0
2240,jak-ut,16-11-2021,26.1,33.4,30.0,66.0,8888.0,0.0,7.0,260.0,2.0,W ,8.0
2241,jak-ut,16-11-2022,27.1,31.8,29.1,80.0,0,5.6,5.0,10.0,2.0,N ,8.0
2242,jak-ut,16-11-2023,27,34.1,30.0,81.0,0,7.2,5.0,20.0,1.0,C ,4.0
2243,jak-ut,16-11-2024,28.2,32.8,28.6,84.0,0.0,5.0,3.0,260.0,1.0,C,5.0
2244,jak-ut,16-12-2021,27.2,33.2,28.6,79.0,0.0,2.8,5.0,10.0,2.0,SE,7.0
2245,jak-ut,16-12-2022,27.2,31.9,29.0,78.0,0,9.2,4.0,290.0,1.0,C ,10.0
2246,jak-ut,16-12-2023,27.0,34.2,30.5,69.0,-,7.5,6.0,300.0,3.0,W ,4.0
2247,jak-ut,16-12-2024,25.2,31.2,28.3,83.0,20.3,1.3,7.0,260.0,3.0,W,10.0
2248,jak-ut,17-01-2021,26,30.6,28.2,83.0,0,7.9,5.0,330.0,3.0,NW,1.0
2249,jak-ut,17-01-2022,24.5,31.4,28.0,84.0,39.0,0,8.0,300.0,4.0,NW,15.0
2250,jak-ut,17-01-2023,27.0,29.1,27.5,82.0,-,4.4,5.0,310.0,3.0,NW,8.0
2251,jak-ut,17-01-2024,27.5,30.6,28.5,83.0,0,6.9,5.0,300.0,3.0,W ,5.0
2252,jak-ut,17-02-2021,24.0,28.0,26.1,86.0,39.2,0.0,4.0,240.0,3.0,NW,1.0
2253,jak-ut,17-02-2022,25.0,31.3,27.8,81.0,21.5,8.5,4.0,190.0,2.0,C ,9.0
2254,jak-ut,17-02-2023,25,29.8,26.9,83.0,16.3,2.7,5.0,310.0,2.0,C ,6.0
2255,jak-ut,17-02-2024,26.2,31.4,28.5,86.0,1.4,1.4,4.0,290.0,2.0,NW,15.0
2256,jak-ut,17-03-2021,26.4,32.6,28.9,77.0,0,7,4.0,340.0,2.0,NW,4.0
2258,jak-ut,17-03-2022,26,32.6,29.5,80.0,0.2,7,6.0,40.0,2.0,C ,31.0
2259,jak-ut,17-03-2023,25.2,32.0,28.7,82.0,0,9.6,4.0,310.0,1.0,C ,20.0
2260,jak-ut,17-03-2024,25,29,27.2,86.0,17.5,1.0,6.0,250.0,4.0,SW,19.0
2261,jak-ut,17-04-2021,26.4,32.1,29.6,84.0,0,9.0,4.0,70.0,2.0,C ,8.0
2262,jak-ut,17-04-2022,27.6,33,29.9,77.0,-,9.1,8.0,60.0,2.0,NE,16.0
2263,jak-ut,17-04-2023,26.2,32.6,29.2,80,13,5.4,5,130,2,N ,10.0
2264,jak-ut,17-04-2024,27.2,33.2,29.3,83.0,-,8.5,6.0,300.0,2.0,C ,52.0
2265,jak-ut,17-05-2021,28.2,32.8,29.9,82.0,-,8.5,5.0,40.0,2.0,NE,8.0
2266,jak-ut,17-05-2022,27,33.6,29.8,79.0,8888,7.8,4.0,350.0,1.0,C ,31.0
2267,jak-ut,17-05-2023,22.8,33.0,29.7,73.0,-,8.9,5.0,40.0,3.0,SE,11.0
2268,jak-ut,17-05-2024,28.4,34.2,30.7,75.0,0,5.5,5.0,30.0,2.0,C ,34.0
2269,jak-ut,17-06-2021,26.1,31.0,28.7,78.0,8.5,2,6.0,40.0,2.0,C ,1.0
2270,jak-ut,17-06-2022,25.4,28.6,27.2,87.0,0,1.1,3.0,40.0,1.0,C ,21.0
2271,jak-ut,17-06-2023,25.6,31.3,28.1,82.0,13.4,0.0,4.0,90.0,1.0,C ,5.0
2272,jak-ut,17-06-2024,25,32.6,29.9,76.0,0,4.9,4.0,60.0,2.0,C ,7.0
2273,jak-ut,17-07-2021,26.5,33.2,29.1,70.0,0,8.7,6.0,60.0,2.0,E ,6.0
2275,jak-ut,17-07-2022,23.0,31.3,28.1,82,13.2,0.5,4.0,160.0,2.0,S ,21.0
2276,jak-ut,17-07-2023,26.9,32.4,29.0,75.0,0,7.4,6.0,10.0,2.0,N ,11.0
2277,jak-ut,17-07-2024,25.8,33.6,28.7,76,0,8,6.0,40.0,3.0,SE,11.0
2278,jak-ut,17-08-2021,26.8,32.5,29.5,70.0,0,-,7.0,40.0,2.0,NE,1.0
2279,jak-ut,17-08-2022,26.6,32.6,28.7,81.0,8888,4.3,5.0,30.0,2.0,C ,9.0
2280,jak-ut,17-08-2023,25.8,32.7,28.2,72.0,0,7.6,6.0,40.0,2.0,C ,4.0
2281,jak-ut,17-08-2024,27.4,32.6,29.3,73.0,0.0,6.0,6.0,120.0,2.0,C,7.0
2282,jak-ut,17-09-2021,26.0,33.3,29.5,72.0,0,10.7,5.0,80.0,3.0,NE,6.0
2283,jak-ut,17-09-2022,26.6,32.3,29.4,76.0,0,6.2,4.0,60.0,2.0,C ,7.0
2284,jak-ut,17-09-2023,27.0,33.4,29.1,73.0,0,9.6,7.0,10.0,2.0,N ,8.0
2285,jak-ut,17-09-2024,27.0,32.6,29.4,70.0,0.0,8.0,5.0,50.0,2.0,C,7.0
2286,jak-ut,17-10-2021,27.1,33.0,30.6,72,0.0,8.4,5.0,40.0,3.0,E ,5.0
2287,jak-ut,17-10-2022,-,32.3,29.3,77.0,8888,5.4,3.0,80.0,1.0,C ,11.0
2288,jak-ut,17-10-2023,28.4,37.2,31.0,72.0,-,9.5,9.0,60.0,3.0,C ,0.0
2289,jak-ut,17-10-2024,26.6,34.1,29.5,64.0,0.6,8.0,4.0,260.0,2.0,C,5.0
2290,jak-ut,17-11-2021,26.8,33.8,29.6,75.0,8888.0,3.0,4.0,40.0,2.0,C ,6.0
2291,jak-ut,17-11-2022,24.6,29.6,25.8,92.0,45,6.6,4.0,290.0,2.0,W ,4.0
2292,jak-ut,17-11-2023,26.8,33.8,30.3,82.0,29.5,8.8,6.0,120.0,2.0,C ,3.0
2293,jak-ut,17-11-2024,25.8,33.0,29.5,82.0,43.6,3.0,4.0,40.0,2.0,NE,4.0
2294,jak-ut,17-12-2021,26.4,33.2,29.1,73.0,0.7,4.5,4.0,250.0,2.0,SW,8.0
2295,jak-ut,17-12-2022,25.8,32.6,28.3,85.0,1.9,5.3,4.0,310.0,2.0,C ,6.0
2296,jak-ut,17-12-2023,26.8,33.8,30.4,72.0,0,9.2,5.0,300.0,2.0,C ,1.0
2297,jak-ut,17-12-2024,25.3,32.0,28.1,85.0,3.0,1.9,5.0,260.0,2.0,W,7.0
2298,jak-ut,18-01-2021,26.7,28.3,27.8,83.0,1.2,1.4,9.0,310.0,5.0,NW,2.0
2299,jak-ut,18-01-2022,25.6,-,27.0,90.0,28.2,4.1,10.0,300.0,3.0,W ,5.0
2300,jak-ut,18-01-2023,26.2,30.2,27.8,83.0,8888,0.1,5.0,310.0,2.0,NW,10.0
2301,jak-ut,18-01-2024,26.6,32.0,28.4,82.0,13.8,2.7,6.0,300.0,3.0,W ,4.0
2302,jak-ut,18-02-2021,24.8,30.0,26.3,86.0,-,0.0,6.0,350.0,3.0,NW,3.0
2303,jak-ut,18-02-2022,25.4,30.2,28.0,81.0,0.8,6.9,4.0,320.0,1.0,C ,7.0
2304,jak-ut,18-02-2023,25.7,30.6,27.7,85.0,0.4,2.1,4.0,300.0,2.0,C ,7.0
2305,jak-ut,18-02-2024,26.3,31.6,29,84.0,1.4,7.3,4.0,310.0,1.0,C ,10.0
2306,jak-ut,18-03-2021,26.4,32.6,29.6,78.0,0,8.6,5.0,310.0,2.0,C ,4.0
2307,jak-ut,18-03-2022,27.4,33.2,29.4,78.0,0.2,8.9,6.0,270.0,2.0,W ,11.0
2308,jak-ut,18-03-2023,26.2,32.5,28.6,78.0,0,9.5,6.0,110.0,2.0,C ,15.0
2309,jak-ut,18-03-2024,25.8,31.6,28.8,82.0,15.7,3.4,5.0,240.0,3.0,SW,27.0
2310,jak-ut,18-04-2021,26.3,32.2,28.6,88.0,1.6,5.9,5.0,30.0,2.0,SE,3.0
2311,jak-ut,18-04-2022,26.4,33.2,29.3,81.0,12.9,8.9,4.0,70.0,2.0,C ,12.0
2312,jak-ut,18-04-2023,26.0,32.8,28.8,84,16.9,9.0,5,70,2,E ,8.0
2313,jak-ut,18-04-2024,26.2,34.0,29.9,79.0,7.5,8.1,4.0,60.0,2.0,C ,57.0
2314,jak-ut,18-05-2021,23.8,31.2,27.4,86.0,91.6,3.4,5.0,60.0,2.0,NE,6.0
2315,jak-ut,18-05-2022,27.8,33.0,29.1,80.0,0,4.1,4.0,50.0,2.0,C ,24.0
2316,jak-ut,18-05-2023,27.8,30.9,29.0,76.0,0,8.3,4.0,100.0,2.0,E ,14.0
2317,jak-ut,18-05-2024,28.2,34.4,30.9,73.0,0,7.5,5.0,40.0,2.0,NE,51.0
2318,jak-ut,18-06-2021,26.6,30.8,27.6,82.0,0.4,0.7,6.0,260.0,1.0,C ,2.0
2319,jak-ut,18-06-2022,25,30.0,27.1,86.0,0.2,0.4,4.0,320.0,0.0,C ,16.0
2320,jak-ut,18-06-2023,25.7,31.8,28.8,83.0,8888,2.1,5.0,80.0,2.0,C ,4.0
2321,jak-ut,18-06-2024,27.4,31.6,29.4,79.0,0,8.5,4.0,70.0,1.0,C ,9.0
2322,jak-ut,18-07-2021,-,31.8,28.6,71.0,0,8.9,5.0,40.0,2.0,NE,0.0
2323,jak-ut,18-07-2022,26.0,31.6,28.3,82,8888,0.8,4.0,120.0,2.0,SE,20.0
2324,jak-ut,18-07-2023,26.0,33.5,29.0,71.0,0,9.1,5.0,20.0,3.0,N ,3.0
2325,jak-ut,18-07-2024,26.3,33.2,29.4,73,0,8,5.0,60.0,3.0,SE,12.0
2326,jak-ut,18-08-2021,27.6,32.3,29.3,73.0,0,9.7,4.0,300.0,2.0,W ,1.0
2327,jak-ut,18-08-2022,26.6,33.8,29.7,74.0,0,7.3,6.0,140.0,3.0,SE,13.0
2328,jak-ut,18-08-2023,26.0,32.1,28.7,76.0,0,8.5,5.0,20.0,2.0,C ,10.0
2329,jak-ut,18-08-2024,27.1,33.0,29.4,77.0,0.0,6.9,6.0,40.0,2.0,NE,5.0
2330,jak-ut,18-09-2021,27.0,35.0,30.4,66.0,0,11.1,7.0,130.0,3.0,SE,3.0
2332,jak-ut,18-09-2022,27.3,31.6,29.0,80.0,0,7.9,4.0,10.0,1.0,C ,9.0
2333,jak-ut,18-09-2023,26.8,32.8,29.3,75.0,0,8.1,4.0,10.0,1.0,C ,1.0
2334,jak-ut,18-09-2024,26.2,32.5,28.7,71.0,0.0,8.0,4.0,60.0,2.0,SE,6.0
2335,jak-ut,18-10-2021,24.6,27.6,25.9,90,51.5,10.7,5.0,300.0,1.0,C ,9.0
2336,jak-ut,18-10-2022,27.3,30.0,28.5,84.0,0,5.0,4.0,20.0,1.0,C ,8.0
2337,jak-ut,18-10-2023,28,33.8,30.6,69.0,0,7.8,5.0,110.0,3.0,E ,4.0
2338,jak-ut,18-10-2024,26.6,33.0,29.6,70.0,0.0,8.0,5.0,10.0,1.0,C,7.0
2339,jak-ut,18-11-2021,26.8,32.5,29.4,74.0,0.0,4.1,5.0,340.0,3.0,W ,2.0
2340,jak-ut,18-11-2022,25,32.4,28.5,78.0,7,0,7.0,280.0,3.0,W ,6.0
2341,jak-ut,18-11-2023,-,33.6,29.9,80.0,-,6.7,4.0,340.0,1.0,C ,5.0
2342,jak-ut,18-11-2024,27.0,32.4,29.4,82.0,0.0,8.0,5.0,20.0,2.0,C,6.0
2343,jak-ut,18-12-2021,27,33,28.5,77.0,0.0,7.3,6.0,340.0,2.0,C ,5.0
2344,jak-ut,18-12-2022,26.2,32.0,28.5,85.0,0.3,6.7,4.0,330.0,1.0,C ,6.0
2345,jak-ut,18-12-2023,27.2,34.0,30.7,72.0,0,9.3,7.0,260.0,3.0,W ,1.0
2346,jak-ut,18-12-2024,25.6,32.2,28.6,79.0,8888.0,3.6,6.0,260.0,3.0,W,3.0
2347,jak-ut,19-01-2021,24.5,29.8,27.5,81.0,7.6,0.0,6.0,350.0,3.0,N ,0.0
2348,jak-ut,19-01-2022,24.4,31,27.6,86.0,134.7,0,6.0,300.0,3.0,NW,18.0
2349,jak-ut,19-01-2023,25.6,-,27.5,85.0,4.5,1.8,6.0,320.0,3.0,NW,6.0
2350,jak-ut,19-01-2024,25.0,27.5,26.3,88.0,5.2,2.1,6.0,270.0,4.0,W ,4.0
2351,jak-ut,19-02-2021,24.6,29.5,27.1,81.0,52.8,3.4,5.0,250.0,4.0,W ,0.0
2352,jak-ut,19-02-2022,26.4,30.8,28.2,81.0,1.5,0.5,3.0,40.0,0.0,C ,3.0
2353,jak-ut,19-02-2023,26,31.0,27.9,86.0,2.5,7.3,7.0,310.0,3.0,W ,5.0
2354,jak-ut,19-02-2024,25.2,32.4,29.9,79.0,8888,3.9,4.0,170.0,1.0,C ,17.0
2355,jak-ut,19-03-2021,27.6,31.2,29.0,81.0,-,11.1,8.0,330.0,2.0,W ,5.0
2356,jak-ut,19-03-2022,-,35.2,29.5,75.0,-,0.9,7.0,260.0,4.0,W ,13.0
2357,jak-ut,19-03-2023,26.4,31.8,28.9,84.0,0,8.8,3.0,50.0,1.0,C ,8.0
2358,jak-ut,19-03-2024,25.8,33.1,29.8,74.0,1.5,6.9,6.0,240.0,4.0,SW,27.0
2359,jak-ut,19-04-2021,26.3,32.6,29.5,83.0,8888,3.5,7.0,30.0,3.0,S ,5.0
2360,jak-ut,19-04-2022,27,32.8,29,75.0,-,8.1,3.0,160.0,1.0,C ,23.0
2361,jak-ut,19-04-2023,26.0,33.2,29.3,81,0,2.8,6,40,2,C ,12.0
2362,jak-ut,19-04-2024,-,33.2,29.7,79.0,8,6.7,5.0,40.0,2.0,E ,65.0
2363,jak-ut,19-05-2021,24.6,32.8,29.2,82.0,0,4.3,4.0,30.0,2.0,NE,6.0
2364,jak-ut,19-05-2022,26.8,32.0,28.6,83.0,1.5,7.4,4.0,50.0,1.0,C ,31.0
2365,jak-ut,19-05-2023,27.4,32.8,30.1,74.0,-,0.0,5.0,30.0,2.0,SE,10.0
2366,jak-ut,19-05-2024,28.2,33.4,30.5,73.0,0,8.6,4.0,20.0,2.0,E ,38.0
2367,jak-ut,19-06-2021,25.8,29.8,26.5,89.0,2,0.7,4.0,300.0,0.0,C ,4.0
2368,jak-ut,19-06-2022,25,32.0,28.1,78.0,0,2.5,5.0,20.0,2.0,C ,15.0
2369,jak-ut,19-06-2023,27.0,31.4,27.9,88.0,-,4.8,3.0,190.0,1.0,C ,6.0
2370,jak-ut,19-06-2024,27.2,34.6,29.8,74.0,0,1.9,6.0,100.0,4.0,E ,20.0
2371,jak-ut,19-07-2021,26.5,32.0,29.0,76.0,0,9.6,4.0,350.0,2.0,C ,1.0
2372,jak-ut,19-07-2022,26.1,32.6,28.8,80,0,8.5,5.0,50.0,2.0,C ,20.0
2373,jak-ut,19-07-2023,21.2,34.4,29.1,69.0,-,9.2,6.0,30.0,2.0,C ,2.0
2374,jak-ut,19-07-2024,27,33.2,29.4,72,0,7,5.0,130.0,2.0,C,13.0
2375,jak-ut,19-08-2021,26,32.4,28.9,74.0,0,6.7,3.0,300.0,2.0,S ,2.0
2376,jak-ut,19-08-2022,26.8,34.7,29.9,71.0,0,9.0,7.0,70.0,4.0,E ,13.0
2377,jak-ut,19-08-2023,26.3,32.6,28.6,76.0,0,8.3,6.0,120.0,3.0,E ,2.0
2378,jak-ut,19-08-2024,27.0,32.8,29.1,76.0,0.0,8.0,5.0,40.0,2.0,C,6.0
2379,jak-ut,19-09-2021,27.8,32.4,29.4,74.0,0,10.9,5.0,330.0,2.0,NW,3.0
2380,jak-ut,19-09-2022,27.1,33.8,29.8,75.0,0,2.8,5.0,100.0,2.0,C ,19.0
2381,jak-ut,19-09-2023,27.0,32.7,29.8,75.0,0,7.9,6.0,10.0,2.0,C ,3.0
2382,jak-ut,19-09-2024,26.0,32.8,28.9,71.0,0.0,8.0,4.0,90.0,2.0,C,4.0
2383,jak-ut,19-10-2021,25.4,33.4,27.5,80,16.3,0,6.0,10.0,2.0,SW,3.0
2384,jak-ut,19-10-2022,-,31.0,27.8,83.0,-,0.0,5.0,220.0,1.0,C ,13.0
2385,jak-ut,19-10-2023,27.8,33.4,30.0,74.0,0,9.5,5.0,40.0,3.0,E ,6.0
2386,jak-ut,19-10-2024,27.3,33.3,30.0,76.0,0.0,8.0,4.0,40.0,2.0,NE,2.0
2387,jak-ut,19-11-2021,22.1,30.8,28.1,72.0,0.0,3.5,11.0,280.0,4.0,W ,4.0
2388,jak-ut,19-11-2022,26.3,32.6,28.8,80.0,0,-,8.0,350.0,4.0,W ,5.0
2389,jak-ut,19-11-2023,27.6,33.4,30.4,79.0,8888,7,4.0,40.0,2.0,S ,2.0
2390,jak-ut,19-11-2024,27.0,34.4,29.7,76.0,0.0,6.9,4.0,250.0,2.0,W,1.0
2391,jak-ut,19-12-2021,25,32.6,29.6,77.0,29.0,6.3,6.0,260.0,2.0,W ,10.0
2392,jak-ut,19-12-2022,26.0,32.0,28.7,80.0,0,4.9,4.0,180.0,1.0,C ,6.0
2393,jak-ut,19-12-2023,27.0,34.4,30.3,67.0,0,9.2,6.0,270.0,3.0,W ,2.0
2394,jak-ut,19-12-2024,26.0,32.2,28.2,83.0,2.8,4.9,7.0,260.0,2.0,W,6.0
2395,jak-ut,20-01-2021,-,30.6,28.5,78.0,4.6,1.3,6.0,350.0,3.0,N ,0.0
2396,jak-ut,20-01-2022,24.8,29.6,26.4,85.0,0.3,6.8,7.0,270.0,2.0,W ,9.0
2397,jak-ut,20-01-2023,24.6,32.2,28.4,79.0,0.2,2.6,6.0,300.0,2.0,C ,3.0
2398,jak-ut,20-01-2024,25.2,35.2,30.5,69.0,7.8,0,10.0,260.0,5.0,W ,6.0
2399,jak-ut,20-02-2021,25.8,30.0,28.1,81.0,6.3,0.5,7.0,330.0,3.0,NW,0.0
2400,jak-ut,20-02-2022,26.4,31.5,28.5,81.0,8888.0,4.0,3.0,260.0,1.0,C ,10.0
2401,jak-ut,20-02-2023,26.4,30.8,27.9,82.0,0.2,7.8,7.0,320.0,4.0,W ,7.0
2402,jak-ut,20-02-2024,27,33,30.4,78.0,0,7.3,6.0,340.0,2.0,C ,11.0
2403,jak-ut,20-03-2021,26.8,32.0,28.4,79.0,-,4,5.0,350.0,2.0,W ,2.0
2405,jak-ut,20-03-2022,27.6,35.6,30.7,60.0,0,6.3,10.0,260.0,5.0,W ,11.0
2406,jak-ut,20-03-2023,26.6,32.6,29.1,82.0,-,7.1,15.0,70.0,2.0,C ,20.0
2407,jak-ut,20-03-2024,26,35.2,29.9,74.0,0,9.5,9.0,280.0,4.0,SW,39.0
2408,jak-ut,20-04-2021,26.6,33.2,29.5,82.0,-,9.7,5.0,20.0,2.0,SE,2.0
2409,jak-ut,20-04-2022,26.8,32.8,29.3,78.0,0,7.3,7.0,270.0,3.0,W ,20.0
2410,jak-ut,20-04-2023,27.4,33,29.6,76,8888,8.1,5,40,1,C ,10.0
2411,jak-ut,20-04-2024,27.5,34.0,30.2,79.0,0,4.5,5.0,60.0,3.0,E ,56.0
2412,jak-ut,20-05-2021,27.3,33.0,29.7,83.0,-,6.3,5.0,70.0,3.0,NE,7.0
2413,jak-ut,20-05-2022,25.9,32.1,28.7,82.0,0,2.9,3.0,50.0,2.0,C ,22.0
2414,jak-ut,20-05-2023,26.8,32.6,29.6,78.0,0,5.3,6.0,40.0,2.0,E ,5.0
2415,jak-ut,20-05-2024,27.6,35.4,30.9,71.0,0,9.1,5.0,70.0,2.0,E ,37.0
2416,jak-ut,20-06-2021,24.2,30.8,27.2,82.0,53,0,5.0,10.0,2.0,C ,3.0
2417,jak-ut,20-06-2022,25.6,32.1,28.9,81.0,0,7.2,5.0,50.0,1.0,C ,15.0
2418,jak-ut,20-06-2023,25.4,32.8,28.7,81.0,17.3,2.9,5.0,90.0,3.0,SE,17.0
2419,jak-ut,20-06-2024,26,34.4,30,70.0,0,8.6,5.0,80.0,3.0,SE,13.0
2420,jak-ut,20-07-2021,26.8,31.8,28.7,78.0,0,1.5,6.0,60.0,2.0,NE,0.0
2421,jak-ut,20-07-2022,26.8,32.9,29.2,80,-,8.9,5.0,100.0,2.0,E ,17.0
2422,jak-ut,20-07-2023,25.8,32.0,28.4,67.0,0,10.1,4.0,60.0,1.0,C ,3.0
2423,jak-ut,20-07-2024,25.6,33.4,28.4,74,0,8,5.0,40.0,2.0,C,5.0
2424,jak-ut,20-08-2021,26.2,32.1,28.6,72.0,8888,6.2,4.0,40.0,2.0,NE,0.0
2425,jak-ut,20-08-2022,27.1,34.0,29.9,72.0,0,8.6,8.0,80.0,3.0,E ,14.0
2426,jak-ut,20-08-2023,26.5,34.2,29.3,74.0,-,8.6,5.0,30.0,3.0,E ,5.0
2427,jak-ut,20-08-2024,26.4,32.6,29.0,77.0,0.0,8.0,5.0,40.0,2.0,SE,15.0
2428,jak-ut,20-09-2021,26.6,32.1,28.8,71.0,8888,9.0,4.0,40.0,2.0,NE,2.0
2429,jak-ut,20-09-2022,26.5,32.2,29.0,72.0,0,8.7,4.0,50.0,2.0,C ,8.0
2430,jak-ut,20-09-2023,27.0,32.8,29.5,73.0,0,7.4,7.0,50.0,2.0,NE,2.0
2431,jak-ut,20-09-2024,26.8,32.5,29.2,75.0,0.0,8.0,5.0,50.0,2.0,E,7.0
2432,jak-ut,20-10-2021,25.8,32.5,28.9,76,0.0,5.3,4.0,260.0,2.0,W ,2.0
2433,jak-ut,20-10-2022,26,31.8,28.4,83.0,8888,1.8,4.0,20.0,2.0,W ,3.0
2434,jak-ut,20-10-2023,27.8,32.6,29.7,78.0,0,8.9,7.0,40.0,2.0,C ,5.0
2435,jak-ut,20-10-2024,27.0,35.2,30.3,72.0,0.0,8.0,6.0,220.0,2.0,C,2.0
2436,jak-ut,20-11-2021,26.8,32.5,28.3,75.0,0.0,0.2,5.0,320.0,2.0,SW,4.0
2437,jak-ut,20-11-2022,26.4,34.2,29.6,74.0,0,5.4,9.0,280.0,5.0,W ,8.0
2438,jak-ut,20-11-2023,27,34.5,31.2,76.0,0,8.8,5.0,120.0,2.0,C ,3.0
2439,jak-ut,20-11-2024,27.0,33.4,29.5,76.0,8888.0,7.4,6.0,300.0,2.0,C,5.0
2440,jak-ut,20-12-2021,26.8,32,28,82.0,0.0,6.8,4.0,280.0,2.0,W ,11.0
2441,jak-ut,20-12-2022,26.6,30.8,28.4,81.0,0,8.0,4.0,270.0,2.0,NW,4.0
2442,jak-ut,20-12-2023,26.8,33.6,30.2,66.0,0,7.8,6.0,330.0,2.0,C ,6.0
2443,jak-ut,20-12-2024,25.0,31.5,28.4,83.0,9.0,5.2,5.0,270.0,3.0,W,5.0
2444,jak-ut,21-01-2021,25.8,28.6,27.3,88.0,4.3,5.3,5.0,310.0,2.0,NW,1.0
2445,jak-ut,21-01-2022,24.8,31.2,28.1,80.0,1.5,0.2,5.0,260.0,2.0,NW,10.0
2446,jak-ut,21-01-2023,26.4,31.4,28.2,79.0,0.9,7.9,5.0,330.0,3.0,W ,9.0
2447,jak-ut,21-01-2024,27.0,32.7,28.6,80.0,0,9.1,7.0,270.0,5.0,W ,6.0
2448,jak-ut,21-02-2021,25.5,30.4,27.4,84.0,5.1,1.9,5.0,310.0,2.0,NW,0.0
2450,jak-ut,21-02-2022,26.6,32.2,28.9,71.0,1.0,2.7,3.0,290.0,1.0,C ,11.0
2451,jak-ut,21-02-2023,26,30.6,27.7,82.0,2.3,6.6,6.0,260.0,3.0,W ,9.0
2452,jak-ut,21-02-2024,28.2,32,29.6,80.0,0,9.3,5.0,300.0,2.0,C ,10.0
2453,jak-ut,21-03-2021,26.8,32.3,29.1,78.0,0.2,4.7,7.0,310.0,3.0,W ,3.0
2454,jak-ut,21-03-2022,27.4,34.9,30.1,67.0,0,8.4,7.0,250.0,4.0,W ,17.0
2455,jak-ut,21-03-2023,26.2,32.2,28.9,80.0,0.4,7.8,4.0,40.0,1.0,C ,24.0
2456,jak-ut,21-03-2024,26.2,32.1,29.3,82.0,0,9.8,5.0,250.0,2.0,W ,33.0
2457,jak-ut,21-04-2021,26.8,32.8,29.5,81.0,0,0.0,6.0,40.0,3.0,NE,8.0
2458,jak-ut,21-04-2022,27,29.6,27.9,82.0,8888,6.6,3.0,160.0,1.0,C ,20.0
2459,jak-ut,21-04-2023,27.0,32.8,29.4,80,0.5,6.9,5,80,2,NE,15.0
2460,jak-ut,21-04-2024,27.4,32.6,29.7,81.0,0.4,4.7,4.0,300.0,1.0,C ,34.0
2461,jak-ut,21-05-2021,27.5,33.6,29.4,83.0,0,10.1,6.0,30.0,2.0,E ,6.0
2462,jak-ut,21-05-2022,26,31.4,28.0,81.0,3,6.1,5.0,70.0,2.0,E ,22.0
2463,jak-ut,21-05-2023,27.8,33.2,29.8,78.0,-,4.8,5.0,80.0,2.0,C ,3.0
2464,jak-ut,21-05-2024,27.6,33.4,30.9,73.0,0,5.9,4.0,30.0,2.0,NE,38.0
2465,jak-ut,21-06-2021,25,31.0,26.8,82.0,1.7,2.7,5.0,360.0,2.0,W ,0.0
2466,jak-ut,21-06-2022,26.7,32.4,29.1,76.0,0,8.8,5.0,70.0,2.0,C ,20.0
2467,jak-ut,21-06-2023,26.2,32.8,29.5,79.0,0,7.1,5.0,40.0,2.0,NE,8.0
2468,jak-ut,21-06-2024,26.4,33.7,30.2,74.0,0,8.8,5.0,40.0,2.0,E ,11.0
2469,jak-ut,21-07-2021,26.8,32.1,29.0,77.0,0.8,6.3,5.0,30.0,2.0,NW,2.0
2470,jak-ut,21-07-2022,26.8,32.0,28.9,78,0,8.9,4.0,80.0,1.0,C ,14.0
2471,jak-ut,21-07-2023,26.0,32.0,29.0,68.0,0,6.6,4.0,10.0,1.0,C ,3.0
2472,jak-ut,21-07-2024,25.8,33.6,29,75,0,8,5.0,40.0,1.0,C,11.0
2473,jak-ut,21-08-2021,26,30.8,28.2,76.0,8888,3.8,6.0,10.0,1.0,C ,1.0
2474,jak-ut,21-08-2022,27.6,32.2,29.3,78.0,0,8.9,5.0,70.0,2.0,NE,4.0
2475,jak-ut,21-08-2023,26.8,33.2,29.3,72.0,0,8.1,7.0,70.0,3.0,E ,9.0
2476,jak-ut,21-08-2024,26.8,32.8,28.9,77.0,0.0,8.0,5.0,40.0,3.0,E,6.0
2477,jak-ut,21-09-2021,26.8,32.6,29.1,71.0,0,9.1,7.0,10.0,2.0,SE,2.0
2478,jak-ut,21-09-2022,27,31.8,29.3,76.0,-,5.7,4.0,40.0,1.0,C ,2.0
2479,jak-ut,21-09-2023,27.6,31.5,29.3,74.0,-,7.7,6.0,50.0,2.0,NE,0.0
2480,jak-ut,21-09-2024,27.4,32.8,29.5,77.0,0.0,8.0,6.0,200.0,2.0,S,3.0
2481,jak-ut,21-10-2021,24.4,33.1,29.1,82,87.0,7.3,4.0,240.0,2.0,SE,2.0
2482,jak-ut,21-10-2022,26.2,30.6,28.7,78.0,0,6.1,4.0,300.0,1.0,C ,8.0
2483,jak-ut,21-10-2023,28.3,33.4,30.0,75.0,0,8.1,5.0,130.0,2.0,NE,3.0
2484,jak-ut,21-10-2024,27.4,33.8,30.0,71.0,0.0,8.0,4.0,120.0,2.0,SE,6.0
2485,jak-ut,21-11-2021,26.4,33.5,29.4,76.0,0.4,3.0,6.0,270.0,4.0,W ,5.0
2486,jak-ut,21-11-2022,26.5,34.3,29.6,75.0,8888,7.8,6.0,300.0,3.0,NW,10.0
2487,jak-ut,21-11-2023,28,34.1,30.4,80.0,0,6.6,6.0,40.0,2.0,C ,2.0
2488,jak-ut,21-11-2024,27.6,33.6,30.0,78.0,8888.0,7.3,5.0,280.0,2.0,W,4.0
2489,jak-ut,21-12-2021,25.5,29.7,26.9,87.0,2.5,2.4,3.0,130.0,2.0,W ,9.0
2490,jak-ut,21-12-2022,26.2,32.4,29.1,81.0,1.2,4.5,8.0,310.0,3.0,W ,4.0
2491,jak-ut,21-12-2023,25.8,33.4,30.1,69.0,-,9.2,6.0,310.0,2.0,W ,2.0
2492,jak-ut,21-12-2024,26.0,30.2,28.4,85.0,5.8,5.2,5.0,300.0,2.0,W,3.0
2493,jak-ut,22-01-2021,25.7,30,27.8,84.0,13.6,0.0,4.0,300.0,1.0,NW,1.0
2494,jak-ut,22-01-2022,25.1,31,27.6,81.0,13.3,8.5,5.0,300.0,2.0,W ,11.0
2495,jak-ut,22-01-2023,26.0,32.2,28.9,80.0,0,8.5,6.0,270.0,4.0,W ,6.0
2496,jak-ut,22-01-2024,26.7,33.4,29.7,75.0,2.8,6.5,7.0,270.0,5.0,W ,6.0
2497,jak-ut,22-02-2021,25.6,30.8,28.1,80.0,8888,8.6,6.0,300.0,3.0,NW,0.0
2498,jak-ut,22-02-2022,26.0,32.8,29.0,78.0,1.8,3.7,7.0,340.0,2.0,W ,7.0
2499,jak-ut,22-02-2023,25.2,30.6,27.8,82.0,13.0,5.8,7.0,330.0,2.0,W ,8.0
2500,jak-ut,22-02-2024,27.5,33.6,29.9,78.0,8888,0.9,5.0,270.0,2.0,W ,13.0
2501,jak-ut,22-03-2021,26.8,32.5,29.0,79.0,0,8.6,9.0,320.0,4.0,W ,10.0
2502,jak-ut,22-03-2022,27,32.3,29.6,74.0,0,5.4,6.0,330.0,3.0,W ,21.0
2503,jak-ut,22-03-2023,26.6,32.4,29.2,76.0,0,9.1,5.0,20.0,1.0,C ,9.0
2504,jak-ut,22-03-2024,24.6,29.9,26.7,91.0,62.5,9.5,3.0,300.0,1.0,C ,27.0
2505,jak-ut,22-04-2021,27.2,32.9,29.6,79.0,0,10.1,4.0,60.0,2.0,NE,6.0
2506,jak-ut,22-04-2022,-,-,-,90.0,8,0.4,6.0,90.0,1.0,C ,20.0
2507,jak-ut,22-04-2023,27.4,34,30.3,74,0,8.7,6,100,3,E ,6.0
2508,jak-ut,22-04-2024,27.8,33.8,31.1,77.0,8888,4.8,4.0,30.0,2.0,NE,62.0
2509,jak-ut,22-05-2021,27.7,32.4,29.8,79.0,0,8.5,4.0,40.0,2.0,C ,9.0
2511,jak-ut,22-05-2022,26,31.1,28.4,82.0,-,4.3,5.0,70.0,2.0,E ,17.0
2512,jak-ut,22-05-2023,27.2,32.5,29.5,78.0,2.4,7.4,5.0,30.0,1.0,C ,15.0
2513,jak-ut,22-05-2024,28.6,33.7,30.8,74.0,-,7.5,4.0,20.0,3.0,E ,35.0
2514,jak-ut,22-06-2021,25.1,31.2,27.7,78.0,0,2,3.0,60.0,2.0,NE,0.0
2515,jak-ut,22-06-2022,26.2,32.8,28.7,80.0,2.8,9,5.0,130.0,2.0,C ,17.0
2516,jak-ut,22-06-2023,27.3,33.6,29.6,80.0,8888,7.3,5.0,90.0,2.0,C ,11.0
2517,jak-ut,22-06-2024,27,32.4,29.3,76.0,0,8.1,6.0,40.0,2.0,NE,5.0
2518,jak-ut,22-07-2021,22,31.2,28.3,77.0,0.6,5.8,4.0,30.0,2.0,NE,4.0
2519,jak-ut,22-07-2022,27.0,31.2,29,78,-,8.2,6.0,60.0,2.0,NE,18.0
2520,jak-ut,22-07-2023,26.2,32.4,29.1,76.0,-,6.1,6.0,10.0,2.0,N ,3.0
2521,jak-ut,22-07-2024,26.8,32.0,29,77,0,8,3.0,140.0,1.0,C,19.0
2522,jak-ut,22-08-2021,26,33.4,29.0,73.0,0,1.4,6.0,70.0,2.0,C ,2.0
2523,jak-ut,22-08-2022,26,30.4,28.0,78.0,0,7.6,3.0,40.0,1.0,C ,18.0
2524,jak-ut,22-08-2023,26.4,32.8,29.0,72.0,0,7.6,6.0,50.0,2.0,E ,2.0
2525,jak-ut,22-08-2024,26.8,33.2,29.1,76.0,0.0,8.0,5.0,40.0,3.0,SE,7.0
2526,jak-ut,22-09-2021,26.6,34.2,29.6,69.0,0,8.3,5.0,120.0,3.0,E ,6.0
2527,jak-ut,22-09-2022,27,31.0,28.6,80.0,0,6.0,4.0,230.0,1.0,C ,10.0
2528,jak-ut,22-09-2023,26.8,32.6,29.0,70.0,2.5,7.0,5.0,50.0,2.0,E ,3.0
2529,jak-ut,22-09-2024,27.6,32.6,29.7,80.0,0.0,8.0,4.0,40.0,2.0,NE,2.0
2530,jak-ut,22-10-2021,26.5,32.0,29.4,76,0.0,7.2,4.0,50.0,2.0,C ,4.0
2531,jak-ut,22-10-2022,27,32.6,29.1,79.0,8888,0.0,4.0,350.0,1.0,C ,8.0
2532,jak-ut,22-10-2023,28.4,33.5,30.4,74.0,0,9.5,4.0,50.0,1.0,C ,1.0
2533,jak-ut,22-10-2024,27.6,33.8,30.1,73.0,0.0,8.0,5.0,50.0,2.0,C,3.0
2534,jak-ut,22-11-2021,27.2,33.0,29.2,76.0,0.0,7.5,6.0,290.0,4.0,W ,9.0
2535,jak-ut,22-11-2022,26.8,34.6,30.0,72.0,0,7.7,9.0,330.0,4.0,W ,8.0
2536,jak-ut,22-11-2023,25,34.0,30.7,78.0,30.5,9.3,5.0,300.0,2.0,C ,2.0
2537,jak-ut,22-11-2024,26.8,33.8,29.7,74.0,0.0,7.0,5.0,260.0,2.0,C,9.0
2538,jak-ut,22-12-2021,25.4,32.4,29,76.0,1.9,0.6,4.0,350.0,1.0,C ,7.0
2539,jak-ut,22-12-2022,26.7,31.2,28.5,83.0,8888,7.2,7.0,300.0,3.0,W ,8.0
2540,jak-ut,22-12-2023,26.6,32.6,30.0,74.0,0,9.4,4.0,320.0,2.0,C ,1.0
2541,jak-ut,22-12-2024,25.6,31.4,28.2,85.0,11.4,0.6,4.0,300.0,1.0,C,4.0
2542,jak-ut,23-01-2021,26.4,30,27.4,86.0,0,1.5,6.0,10.0,2.0,C ,0.0
2543,jak-ut,23-01-2022,24.8,32.4,29.3,74.0,0.8,6,6.0,330.0,3.0,W ,7.0
2544,jak-ut,23-01-2023,26.2,31.7,28.3,78.0,0,5.8,9.0,290.0,5.0,W ,15.0
2545,jak-ut,23-01-2024,27.0,34.8,30.3,71.0,0,6.9,6.0,260.0,4.0,W ,5.0
2546,jak-ut,23-02-2021,26.6,31.2,28.2,81.0,-,5.8,6.0,280.0,3.0,W ,0.0
2547,jak-ut,23-02-2022,25.4,31.4,28.0,78.0,4.0,7.3,8.0,270.0,3.0,NW,9.0
2548,jak-ut,23-02-2023,24.4,30.2,27.3,85.0,85.1,5.0,10.0,310.0,3.0,NW,3.0
2549,jak-ut,23-02-2024,27.4,33.6,30.3,75.0,0,5.6,6.0,300.0,3.0,W ,22.0
2550,jak-ut,23-03-2021,27,33.0,29.3,76.0,8,10,8.0,310.0,4.0,W ,1.0
2551,jak-ut,23-03-2022,27.6,32,28.5,76.0,0,2.5,6.0,310.0,3.0,W ,11.0
2552,jak-ut,23-03-2023,27.4,32.3,29.7,80.0,-,8.1,5.0,40.0,2.0,C ,13.0
2553,jak-ut,23-03-2024,25.2,32.8,29.9,80.0,23.4,0.3,4.0,40.0,1.0,C ,30.0
2554,jak-ut,23-04-2021,27.4,32.8,29.4,84.0,0,8.2,3.0,100.0,2.0,E ,4.0
2555,jak-ut,23-04-2022,-,32.6,28.2,83.0,19.2,2.2,5.0,30.0,1.0,C ,19.0
2556,jak-ut,23-04-2023,27.8,33.6,30,78,0,8.7,6,90,2,C ,10.0
2557,jak-ut,23-04-2024,28.2,33.4,30.4,78.0,-,9.1,5.0,10.0,1.0,C ,63.0
2558,jak-ut,23-05-2021,27.2,32.6,29.2,86.0,-,6.4,5.0,60.0,2.0,C ,4.0
2559,jak-ut,23-05-2022,26.6,33.0,29.5,76.0,-,0.7,7.0,50.0,4.0,SE,31.0
2560,jak-ut,23-05-2023,22.4,32.6,29.6,78.0,8888,7.2,4.0,50.0,2.0,C ,14.0
2561,jak-ut,23-05-2024,28.8,32.0,29.1,83.0,0,3.9,5.0,230.0,2.0,E ,35.0
2562,jak-ut,23-06-2021,25.3,30.4,28.0,81.0,0,5.2,3.0,70.0,1.0,C ,1.0
2563,jak-ut,23-06-2022,26.2,34.0,29.4,78.0,-,6.1,6.0,110.0,2.0,S ,22.0
2564,jak-ut,23-06-2023,27.2,33.4,29.8,78.0,0,6.7,6.0,60.0,2.0,C ,2.0
2565,jak-ut,23-06-2024,26,34.6,30.4,68.0,0,6.6,5.0,120.0,2.0,C ,11.0
2566,jak-ut,23-07-2021,25.8,31.2,27.9,80.0,2.6,1.3,6.0,320.0,2.0,C ,1.0
2567,jak-ut,23-07-2022,26.3,32.8,28.8,79,8888,2.2,5.0,60.0,2.0,C ,9.0
2568,jak-ut,23-07-2023,26.6,33.2,28.9,72.0,0,8.0,7.0,20.0,3.0,N ,5.0
2569,jak-ut,23-07-2024,26.6,32.2,28.8,73,0,7.1,4.0,350.0,2.0,C,17.0
2570,jak-ut,23-08-2021,26.4,32.3,29.0,76.0,0,3.3,7.0,30.0,2.0,NE,2.0
2571,jak-ut,23-08-2022,26.8,33.4,29.2,78.0,0,2.1,5.0,60.0,2.0,C ,12.0
2572,jak-ut,23-08-2023,26.6,31.8,28.8,71.0,0,8.1,6.0,30.0,3.0,NE,3.0
2573,jak-ut,23-08-2024,27.0,31.8,29.0,79.0,0.0,8.0,4.0,40.0,2.0,C,3.0
2574,jak-ut,23-09-2021,27.0,33.9,29.9,68.0,0,9.7,23.0,80.0,4.0,E ,5.0
2575,jak-ut,23-09-2022,26.8,32.2,28.6,81.0,0.2,1.0,3.0,150.0,1.0,C ,2.0
2576,jak-ut,23-09-2023,26.8,32.4,29.1,68.0,0,8.9,5.0,50.0,2.0,C ,5.0
2577,jak-ut,23-09-2024,28.0,33.8,30.3,78.0,0.0,6.2,5.0,60.0,3.0,E,7.0
2578,jak-ut,23-10-2021,26.4,32.2,28.8,78,8.6,5.1,4.0,80.0,2.0,NE,5.0
2579,jak-ut,23-10-2022,24.8,33.1,28.6,82.0,98,8.8,5.0,300.0,2.0,NW,9.0
2580,jak-ut,23-10-2023,28,33.0,28.5,83.0,0,6,3.0,120.0,1.0,C ,3.0
2581,jak-ut,23-10-2024,28.4,33.7,30.9,74.0,0.0,8.0,4.0,40.0,2.0,C,6.0
2582,jak-ut,23-11-2021,26.2,32.0,28.1,74.0,8888.0,2.4,13.0,240.0,6.0,W ,10.0
2583,jak-ut,23-11-2022,27.2,33.2,28.4,79.0,-,8.7,4.0,350.0,2.0,C ,4.0
2584,jak-ut,23-11-2023,27.6,32.0,29.6,84.0,-,3.1,5.0,40.0,1.0,C ,2.0
2585,jak-ut,23-11-2024,27.0,33.6,29.4,77.0,0.0,5.8,5.0,300.0,3.0,W,4.0
2586,jak-ut,23-12-2021,26,32,27.7,81.0,0.0,6.3,6.0,270.0,2.0,W ,9.0
2587,jak-ut,23-12-2022,25.0,29.8,27.4,84.0,23.9,0.5,6.0,330.0,3.0,NW,4.0
2588,jak-ut,23-12-2023,27.6,33.4,31.0,72.0,0,3.9,5.0,320.0,2.0,C ,2.0
2589,jak-ut,23-12-2024,26.0,29.6,27.1,92.0,22.0,3.7,4.0,300.0,1.0,C,6.0
2590,jak-ut,24-01-2021,-,-,24.7,95.0,80.5,1.0,6.0,330.0,2.0,C ,0.0
2591,jak-ut,24-01-2022,26.8,33.8,29.6,72.0,0.0,9.3,6.0,270.0,4.0,W ,8.0
2592,jak-ut,24-01-2023,26.4,32.6,28.8,77.0,8888,4.6,7.0,270.0,5.0,W ,8.0
2593,jak-ut,24-01-2024,27.4,33.0,29.7,75.0,0,4.1,8.0,280.0,4.0,W ,4.0
2594,jak-ut,24-02-2021,26.0,31.4,28.5,77.0,1,3.1,9.0,270.0,4.0,W ,1.0
2595,jak-ut,24-02-2022,24.6,32.6,28.0,70.0,6.3,3.8,6.0,270.0,3.0,W ,13.0
2596,jak-ut,24-02-2023,24.8,28.5,26.0,93.0,60.5,3.1,5.0,300.0,2.0,C ,6.0
2597,jak-ut,24-02-2024,28.2,32.2,29.2,80.0,0,2.8,7.0,340.0,3.0,W ,9.0
2598,jak-ut,24-03-2021,27,32.6,28.9,74.0,1,10.6,9.0,280.0,4.0,W ,3.0
2599,jak-ut,24-03-2022,26.2,32,28.5,78.0,-,3.4,5.0,320.0,1.0,C ,17.0
2600,jak-ut,24-03-2023,28,32.8,29.9,79.0,0,8,4.0,10.0,1.0,C ,16.0
2601,jak-ut,24-03-2024,26.3,33,30.1,80.0,0,9.4,6.0,10.0,2.0,C ,30.0
2602,jak-ut,24-04-2021,26.2,32.2,28.9,83.0,9.5,7.8,6.0,20.0,2.0,C ,4.0
2603,jak-ut,24-04-2022,25.2,32.4,28.9,80.0,1.6,8.7,3.0,310.0,1.0,C ,12.0
2604,jak-ut,24-04-2023,27.8,33.5,30,78,-,7.3,6,50,2,C ,11.0
2605,jak-ut,24-04-2024,28,33.0,29.7,82.0,-,8.7,4.0,20.0,2.0,C ,64.0
2606,jak-ut,24-05-2021,27.2,33.0,29.7,83.0,-,5.0,5.0,60.0,2.0,S ,6.0
2607,jak-ut,24-05-2022,27.4,33.6,29.8,76.0,0,7.3,7.0,110.0,3.0,SE,26.0
2608,jak-ut,24-05-2023,27.6,32.8,29.5,76.0,0,4.5,6.0,80.0,2.0,SE,13.0
2609,jak-ut,24-05-2024,27.8,32.8,29.4,80.0,8888,0.5,6.0,80.0,3.0,E ,32.0
2610,jak-ut,24-06-2021,-,30.4,27.6,80.0,0,0,5.0,120.0,2.0,SE,0.0
2611,jak-ut,24-06-2022,26.8,31.2,28.3,80.0,-,3.7,6.0,80.0,1.0,C ,19.0
2612,jak-ut,24-06-2023,25.8,31.8,28.7,84.0,3.5,7.2,4.0,40.0,1.0,C ,4.0
2613,jak-ut,24-06-2024,26.2,33,29.8,77.0,-,7.9,5.0,60.0,2.0,C ,12.0
2614,jak-ut,24-07-2021,25.4,31.8,28.1,80.0,4.3,1.9,4.0,20.0,1.0,C ,1.0
2615,jak-ut,24-07-2022,26.6,32.0,28.7,80,0,8.9,4.0,40.0,2.0,C ,7.0
2616,jak-ut,24-07-2023,26.6,31.8,28.5,82.0,0,8.0,6.0,70.0,1.0,C ,1.0
2617,jak-ut,24-07-2024,26.6,31.8,28.9,77,0,8,6.0,30.0,2.0,NE,23.0
2618,jak-ut,24-08-2021,27.4,32.1,29.5,71.0,0,8,3.0,50.0,1.0,C ,2.0
2619,jak-ut,24-08-2022,27,32.3,29.2,78.0,0,8.6,5.0,40.0,2.0,C ,19.0
2620,jak-ut,24-08-2023,26.7,33.0,29.2,74.0,0,9.0,9.0,50.0,3.0,E ,8.0
2621,jak-ut,24-08-2024,26.5,32.4,28.7,77.0,0.0,7.9,6.0,10.0,2.0,C,10.0
2622,jak-ut,24-09-2021,27.2,33.4,29.6,70.0,0,7.8,6.0,60.0,3.0,E ,2.0
2623,jak-ut,24-09-2022,26.2,32.7,29.3,82.0,0,4.6,5.0,360.0,2.0,C ,5.0
2624,jak-ut,24-09-2023,27.0,32.2,29.3,76.0,-,4.6,4.0,10.0,1.0,C ,2.0
2625,jak-ut,24-09-2024,28.4,32.0,28.6,86.0,0.0,6.0,5.0,60.0,1.0,C,1.0
2626,jak-ut,24-10-2021,26.6,33.3,30.1,72,0.0,6.1,5.0,20.0,1.0,C ,1.0
2627,jak-ut,24-10-2022,25.6,33.8,29.1,77.0,0,8.1,8.0,360.0,4.0,W ,10.0
2628,jak-ut,24-10-2023,27.8,32.8,29.9,74.0,0,7.7,5.0,80.0,2.0,E ,3.0
2629,jak-ut,24-10-2024,26.0,32.9,30.1,73.0,23.2,8.0,5.0,110.0,2.0,E,8.0
2630,jak-ut,24-11-2021,25.8,33.9,29.1,66.0,0.0,1.7,4.0,310.0,3.0,W ,2.0
2631,jak-ut,24-11-2022,25,31.6,28.4,80.0,13.3,5,7.0,260.0,2.0,C ,16.0
2632,jak-ut,24-11-2023,28,32.6,28.6,86.0,0,0.5,4.0,300.0,1.0,C ,5.0
2633,jak-ut,24-11-2024,27.1,33.9,29.3,76.0,0.0,5.6,5.0,250.0,2.0,W,5.0
2634,jak-ut,24-12-2021,25.6,32.4,28.7,78.0,1.6,4.1,6.0,310.0,2.0,NW,7.0
2635,jak-ut,24-12-2022,25.6,31.0,28.5,82.0,0,0.0,6.0,310.0,3.0,W ,6.0
2636,jak-ut,24-12-2023,28.4,33.8,30.7,73.0,0,7.2,5.0,30.0,2.0,C ,4.0
2637,jak-ut,24-12-2024,24.0,30.8,27.5,87.0,22.5,0.0,5.0,270.0,2.0,W,8.0
2638,jak-ut,25-01-2021,24,31.1,27.7,84.0,26,0.0,5.0,320.0,2.0,NW,0.0
2639,jak-ut,25-01-2022,27.2,31.4,28.7,80.0,0.0,9.1,6.0,290.0,3.0,W ,14.0
2640,jak-ut,25-01-2023,25.4,29.7,27.0,82.0,0.8,7.5,7.0,270.0,4.0,W ,9.0
2641,jak-ut,25-01-2024,27.0,32.4,29.8,78.0,0,7.5,5.0,330.0,3.0,W ,8.0
2642,jak-ut,25-02-2021,24.6,29.9,26.9,87.0,3.3,0.0,8.0,310.0,3.0,NW,4.0
2643,jak-ut,25-02-2022,25.0,30.2,28.0,72.0,0.0,3.0,6.0,270.0,3.0,W ,7.0
2644,jak-ut,25-02-2023,24.2,29.8,27.5,86.0,54.7,0.0,7.0,340.0,4.0,NW,5.0
2645,jak-ut,25-02-2024,27.2,31.9,28.7,82.0,0.2,4.8,6.0,300.0,2.0,C ,12.0
2646,jak-ut,25-03-2021,27,31.4,28.9,81.0,0,5.6,5.0,310.0,2.0,W ,2.0
2647,jak-ut,25-03-2022,26.2,34,29.5,78.0,-,8,4.0,30.0,2.0,NE,21.0
2648,jak-ut,25-03-2023,27.8,32.2,28.6,84.0,0,7.7,9.0,220.0,3.0,C ,11.0
2649,jak-ut,25-03-2024,27.4,32.2,29.7,81.0,8888,9.2,4.0,50.0,1.0,C ,48.0
2650,jak-ut,25-04-2021,26.6,32.1,29.1,83.0,-,8.0,6.0,40.0,2.0,NE,4.0
2651,jak-ut,25-04-2022,26.4,-,29.3,76.0,8888,7.1,5.0,30.0,2.0,C ,20.0
2652,jak-ut,25-04-2023,26.2,32,29.2,76,14.5,9.0,5,40,2,C ,16.0
2653,jak-ut,25-04-2024,25.6,32.2,29.1,84.0,49,4.8,5.0,40.0,2.0,NE,64.0
2654,jak-ut,25-05-2021,25.4,33.2,28.9,82.0,35.2,5.5,5.0,30.0,3.0,SE,4.0
2655,jak-ut,25-05-2022,27,33.2,27.8,85.0,1.3,6.3,6.0,270.0,2.0,C ,24.0
2656,jak-ut,25-05-2023,26.8,32.8,29.6,79.0,0,6.0,4.0,30.0,2.0,C ,10.0
2657,jak-ut,25-05-2024,26.5,28.0,27.1,90.0,5.5,5.3,4.0,100.0,1.0,C ,35.0
2658,jak-ut,25-06-2021,25.8,33.2,28.7,76.0,0.5,1.2,4.0,60.0,2.0,SE,2.0
2659,jak-ut,25-06-2022,26.8,31.4,28.5,79.0,0,1.9,5.0,40.0,1.0,C ,19.0
2660,jak-ut,25-06-2023,26.6,32.0,28.8,86.0,2,7.7,5.0,60.0,2.0,C ,4.0
2661,jak-ut,25-06-2024,27.6,31.4,27.6,84.0,0,5.2,9.0,100.0,1.0,C ,6.0
2662,jak-ut,25-07-2021,25.2,32.0,27.9,78.0,1.5,4.3,6.0,70.0,2.0,NE,2.0
2663,jak-ut,25-07-2022,26.6,32.3,28.9,78,1,8.9,4.0,70.0,2.0,C ,15.0
2664,jak-ut,25-07-2023,26.0,31.3,28.3,82.0,0,5.7,5.0,90.0,1.0,C ,5.0
2665,jak-ut,25-07-2024,26.8,32.0,28.7,75,0,6,4.0,40.0,1.0,C,16.0
2666,jak-ut,25-08-2021,26.3,32.4,28.7,70.0,8888,0.4,4.0,50.0,2.0,NE,4.0
2667,jak-ut,25-08-2022,26.9,32.4,29.2,72.0,0,6.5,5.0,50.0,2.0,C ,11.0
2668,jak-ut,25-08-2023,26.8,32.4,28.9,76.0,0,8.9,6.0,10.0,2.0,NE,4.0
2669,jak-ut,25-08-2024,27.0,32.4,28.9,71.0,0.0,7.2,6.0,40.0,2.0,SE,3.0
2670,jak-ut,25-09-2021,27.6,33.2,29.7,74.0,0,10.2,6.0,50.0,3.0,SE,0.0
2671,jak-ut,25-09-2022,27.1,32.4,29.5,75.0,0,8.7,6.0,10.0,2.0,C ,4.0
2672,jak-ut,25-09-2023,26.2,33.2,29.2,70.0,0,7.6,6.0,40.0,2.0,C ,2.0
2673,jak-ut,25-09-2024,27.2,33.0,27.6,83.0,8888.0,2.3,5.0,50.0,2.0,C,10.0
2674,jak-ut,25-10-2021,28.1,33.2,30,71,0.0,11.2,6.0,340.0,1.0,C ,2.0
2675,jak-ut,25-10-2022,26.6,31.2,28.0,82.0,0,7.1,8.0,270.0,3.0,W ,7.0
2676,jak-ut,25-10-2023,27.2,34.0,30.2,72.0,8888,6.5,5.0,50.0,2.0,SE,4.0
2677,jak-ut,25-10-2024,24.6,32.8,28.4,83.0,67.7,8.0,4.0,100.0,2.0,C,5.0
2678,jak-ut,25-11-2021,27.0,33.0,29.4,70.0,0.0,0.5,5.0,260.0,3.0,W ,10.0
2679,jak-ut,25-11-2022,-,30.6,28.1,80.0,1.5,2.1,4.0,70.0,2.0,C ,4.0
2680,jak-ut,25-11-2023,24.5,28.4,26.1,94.0,26,2,3.0,80.0,1.0,C ,5.0
2681,jak-ut,25-11-2024,27.6,33.6,29.9,75.0,0.0,3.1,6.0,260.0,2.0,SW,7.0
2682,jak-ut,25-12-2021,26.5,31.6,28,81.0,0.0,5,4.0,310.0,2.0,W ,5.0
2683,jak-ut,25-12-2022,25.6,29.0,26.8,87.0,0.6,2.2,6.0,300.0,3.0,NW,5.0
2684,jak-ut,25-12-2023,27.6,32.7,29.0,80.0,-,6.2,4.0,160.0,1.0,C ,1.0
2685,jak-ut,25-12-2024,25.4,30.0,27.7,89.0,4.0,0.6,3.0,270.0,1.0,C,5.0
2686,jak-ut,26-01-2021,25.2,30.8,27.6,82.0,0,8.1,6.0,260.0,4.0,W ,0.0
2687,jak-ut,26-01-2022,25.4,29.8,27.2,83.0,2.5,5.6,6.0,320.0,3.0,NW,11.0
2688,jak-ut,26-01-2023,25.7,30.8,28.3,81.0,8888,0,8.0,320.0,3.0,W ,4.0
2689,jak-ut,26-01-2024,26.6,31.4,29.0,83.0,0,7.9,6.0,290.0,3.0,W ,8.0
2690,jak-ut,26-02-2021,23.5,29.6,26.9,87.0,30,0.6,5.0,330.0,2.0,N ,4.0
2691,jak-ut,26-02-2022,24.6,32.2,28.6,73.0,2.0,0.7,7.0,290.0,4.0,W ,5.0
2692,jak-ut,26-02-2023,24.6,29.4,27.1,88.0,17.3,0.7,13.0,310.0,4.0,NW,4.0
2693,jak-ut,26-02-2024,25.2,32,29.1,80.0,25.3,4.4,6.0,280.0,2.0,C ,15.0
2694,jak-ut,26-03-2021,26.4,32.5,28.8,85.0,8.8,7.3,6.0,320.0,2.0,C ,3.0
2695,jak-ut,26-03-2022,-,-,-,86.0,0,7,10.0,270.0,1.0,C ,18.0
2696,jak-ut,26-03-2023,25.2,31.4,27.4,87.0,3.2,3,6.0,300.0,2.0,C ,7.0
2697,jak-ut,26-03-2024,27.4,35.6,30.6,77.0,0,5.5,7.0,50.0,3.0,NE,45.0
2698,jak-ut,26-04-2021,27.2,33.4,30.2,80.0,0,7.8,6.0,90.0,4.0,E ,6.0
2699,jak-ut,26-04-2022,26,33.2,29.4,80.0,4.5,8.5,4.0,240.0,3.0,W ,18.0
2700,jak-ut,26-04-2023,27.2,33,29.2,80,-,3.5,5,40,2,C ,16.0
2701,jak-ut,26-04-2024,26.8,33.8,30.4,80.0,3.3,2.1,6.0,50.0,3.0,E ,51.0
2702,jak-ut,26-05-2021,26.2,33.2,29.5,75.0,-,7.2,7.0,80.0,4.0,E ,6.0
2703,jak-ut,26-05-2022,26,30.0,27.4,86.0,1.2,2.4,4.0,70.0,2.0,C ,11.0
2704,jak-ut,26-05-2023,27.8,34.5,30.4,73.0,-,6.9,6.0,50.0,3.0,E ,8.0
2705,jak-ut,26-05-2024,26.2,32.6,29.7,81.0,3.5,0.0,5.0,30.0,2.0,C ,32.0
2706,jak-ut,26-06-2021,25.8,32.2,28.7,80.0,0,8.4,6.0,40.0,3.0,E ,1.0
2707,jak-ut,26-06-2022,26.7,29.9,28.1,84.0,8888,3.2,3.0,100.0,1.0,C ,5.0
2708,jak-ut,26-06-2023,26.4,31.6,28.5,83.0,1.5,6.2,3.0,340.0,1.0,C ,9.0
2709,jak-ut,26-06-2024,25.8,33.2,29.8,79.0,8,1.2,6.0,90.0,3.0,E ,16.0
2710,jak-ut,26-07-2021,25.2,33.8,28.7,66.0,0,10.7,6.0,60.0,3.0,E ,1.0
2711,jak-ut,26-07-2022,26.2,32.4,28.5,74,0,4.3,5.0,60.0,2.0,NE,11.0
2712,jak-ut,26-07-2023,25.8,31.4,28.2,79.0,0.4,1.3,3.0,10.0,0.0,C ,2.0
2713,jak-ut,26-07-2024,26.8,33.2,29.5,75,0,7.4,4.0,40.0,2.0,NE,14.0
2714,jak-ut,26-08-2021,26.2,-,29.0,66.0,0,6.5,5.0,40.0,2.0,C ,4.0
2715,jak-ut,26-08-2022,25.8,32.4,29.1,75.0,0,7.0,4.0,70.0,1.0,C ,18.0
2716,jak-ut,26-08-2023,27.0,32.4,28.9,79.0,-,8.6,6.0,10.0,2.0,N ,6.0
2717,jak-ut,26-08-2024,27.0,32.8,29.3,75.0,0.0,8.0,4.0,220.0,1.0,C,12.0
2718,jak-ut,26-09-2021,27.2,32.6,29.3,76.0,0,6.1,6.0,30.0,2.0,C ,4.0
2719,jak-ut,26-09-2022,27.4,34.0,29.8,70.0,-,6.5,4.0,30.0,2.0,C ,7.0
2720,jak-ut,26-09-2023,26.8,33.5,29.6,69.0,-,9.4,7.0,10.0,2.0,C ,2.0
2721,jak-ut,26-09-2024,22.8,32.5,27.6,84.0,64.7,7.6,5.0,40.0,2.0,C,6.0
2722,jak-ut,26-10-2021,26.8,33.4,29.5,72,0.0,9.3,4.0,40.0,2.0,NE,1.0
2723,jak-ut,26-10-2022,23.8,31.6,27.0,85.0,9.8,3.1,6.0,360.0,3.0,W ,5.0
2724,jak-ut,26-10-2023,27.8,34.1,30.3,78.0,-,6,4.0,40.0,1.0,C ,3.0
2725,jak-ut,26-10-2024,25.4,33.4,29.7,73.0,1.0,7.6,6.0,30.0,2.0,C,3.0
2726,jak-ut,26-11-2021,27.4,32.6,28.5,78.0,8888.0,3.0,6.0,260.0,2.0,W ,6.0
2727,jak-ut,26-11-2022,26.2,30.8,27.4,85.0,0,1.2,4.0,30.0,2.0,C ,2.0
2728,jak-ut,26-11-2023,24.4,32.5,29.0,84.0,35.5,-,4.0,50.0,1.0,C ,1.0
2729,jak-ut,26-11-2024,27.8,33.2,29.4,79.0,0.0,3.6,4.0,300.0,1.0,C,10.0
2730,jak-ut,26-12-2021,23.8,31.4,28.6,76.0,6.9,3.5,5.0,320.0,2.0,NW,4.0
2731,jak-ut,26-12-2022,25.2,28.8,26.7,90.0,12.5,0.0,7.0,270.0,3.0,W ,11.0
2732,jak-ut,26-12-2023,25.0,31.0,28.8,82.0,0,6.2,3.0,320.0,1.0,C ,6.0
2733,jak-ut,26-12-2024,26.4,31.6,28.9,80.0,0.0,0.0,5.0,260.0,3.0,W,9.0
2734,jak-ut,27-01-2021,24.4,29.2,25.8,89.0,16,5.4,6.0,290.0,4.0,W ,2.0
2735,jak-ut,27-01-2022,25.7,-,28.7,78.0,0.4,0,6.0,340.0,3.0,NW,8.0
2736,jak-ut,27-01-2023,25.8,29.2,27.5,85.0,4.8,4,5.0,260.0,2.0,W ,11.0
2737,jak-ut,27-01-2024,25.8,29.6,26.4,92.0,13.5,6.5,4.0,290.0,1.0,C ,4.0
2738,jak-ut,27-02-2021,25.1,31.2,28.1,85.0,15,0.0,5.0,360.0,2.0,NE,3.0
2739,jak-ut,27-02-2022,26.2,30.8,27.5,80.0,8888.0,5.6,10.0,290.0,4.0,W ,7.0
2740,jak-ut,27-02-2023,25.2,29.4,27.8,85.0,46.5,0.4,7.0,310.0,4.0,NW,7.0
2741,jak-ut,27-02-2024,26,32.2,29.4,81.0,0,2.2,8.0,330.0,2.0,C ,18.0
2742,jak-ut,27-03-2021,26.4,32.6,29.6,85.0,0,10.1,6.0,10.0,2.0,C ,4.0
2743,jak-ut,27-03-2022,24.2,32.4,28.4,81.0,32,0.3,5.0,270.0,2.0,C ,16.0
2744,jak-ut,27-03-2023,25.6,31.6,27.8,83.0,8888,6.7,4.0,320.0,1.0,C ,22.0
2745,jak-ut,27-03-2024,28,30.4,28.5,84.0,0.3,5.9,3.0,50.0,1.0,C ,24.0
2746,jak-ut,27-04-2021,27.5,33.4,29.9,82.0,0,9.9,5.0,120.0,3.0,NE,3.0
2747,jak-ut,27-04-2022,27.2,32.4,29.8,80.0,8888,7.9,6.0,280.0,2.0,C ,19.0
2748,jak-ut,27-04-2023,27.4,32.6,29.9,78,8888,7.8,4,40,2,NE,23.0
2749,jak-ut,27-04-2024,27.6,34.2,29.9,81.0,0.2,-,7.0,100.0,2.0,C ,39.0
2750,jak-ut,27-05-2021,26.8,33.8,30.1,74.0,-,8.7,7.0,90.0,4.0,E ,5.0
2751,jak-ut,27-05-2022,25.4,32.6,28.5,81.0,8888,0.3,7.0,270.0,2.0,C ,23.0
2752,jak-ut,27-05-2023,22.9,32.6,29.6,78.0,-,7.8,5.0,100.0,2.0,NE,4.0
2753,jak-ut,27-05-2024,27.2,34.4,31.0,76.0,0,3.0,5.0,100.0,2.0,NE,39.0
2754,jak-ut,27-06-2021,26.6,32.0,28.8,80.0,0,2.5,4.0,50.0,1.0,C ,0.0
2755,jak-ut,27-06-2022,26.6,32.2,28.7,82.0,1.5,0.8,3.0,210.0,1.0,C ,31.0
2756,jak-ut,27-06-2023,26.6,32.2,28.8,80.0,9.5,8.6,5.0,30.0,2.0,C ,7.0
2757,jak-ut,27-06-2024,26.1,33.4,30.2,78.0,0,9.0,5.0,100.0,3.0,SE,10.0
2758,jak-ut,27-07-2021,25.2,33.6,28.3,68.0,0,9.7,5.0,60.0,2.0,SE,1.0
2759,jak-ut,27-07-2022,26.4,33.2,28.9,70,-,8,4.0,160.0,2.0,E ,8.0
2760,jak-ut,27-07-2023,25.2,31.8,28.9,76.0,0,4.2,6.0,30.0,2.0,C ,3.0
2761,jak-ut,27-07-2024,26.6,33.4,29.5,71,0,7.5,5.0,140.0,2.0,C,7.0
2762,jak-ut,27-08-2021,26.6,32.5,29.1,70.0,0,8.9,3.0,280.0,2.0,S ,3.0
2763,jak-ut,27-08-2022,-,32.1,28.9,78.0,-,2.8,4.0,10.0,1.0,C ,14.0
2764,jak-ut,27-08-2023,27.6,32.0,29.3,79.0,0,8.1,6.0,10.0,2.0,C ,5.0
2765,jak-ut,27-08-2024,27.4,34.2,29.6,76.0,0.0,8.0,4.0,50.0,2.0,SE,12.0
2766,jak-ut,27-09-2021,26.5,33.1,29.6,73.0,8,9.3,5.0,50.0,2.0,NE,10.0
2767,jak-ut,27-09-2022,26.8,33.3,29.3,73.0,0.5,7.8,4.0,60.0,2.0,C ,7.0
2768,jak-ut,27-09-2023,26.6,35.0,29.5,66.0,0,9.1,10.0,70.0,3.0,E ,0.0
2769,jak-ut,27-09-2024,25.4,33.0,28.9,81.0,5.0,6.4,5.0,50.0,2.0,C,6.0
2770,jak-ut,27-10-2021,26.0,32.0,28.9,80,4.5,8.7,5.0,40.0,2.0,C ,2.0
2771,jak-ut,27-10-2022,24,32.0,28.3,82.0,0.5,0.7,4.0,310.0,1.0,C ,5.0
2772,jak-ut,27-10-2023,28,33.0,29.9,78.0,0,9.2,5.0,150.0,2.0,C ,2.0
2773,jak-ut,27-10-2024,27.0,33.8,30.2,74.0,0.0,8.0,4.0,80.0,2.0,S,3.0
2774,jak-ut,27-11-2021,25.4,33.5,27.8,76.0,11.9,4.3,11.0,280.0,5.0,W ,1.0
2775,jak-ut,27-11-2022,-,30.6,27.8,84.0,8,0,4.0,30.0,1.0,C ,10.0
2776,jak-ut,27-11-2023,25.8,30.6,28.3,86.0,12,6.2,5.0,100.0,1.0,C ,3.0
2777,jak-ut,27-11-2024,26.2,32.6,28.9,82.0,0.0,5.5,6.0,330.0,2.0,C,6.0
2778,jak-ut,27-12-2021,24.9,32.2,28.9,77.0,0.4,4.9,7.0,320.0,2.0,NW,8.0
2779,jak-ut,27-12-2022,23.6,29.2,26.1,86.0,3,0.0,6.0,240.0,3.0,W ,5.0
2780,jak-ut,27-12-2023,27.0,32.8,29.4,80.0,0,0.0,4.0,280.0,1.0,C ,3.0
2781,jak-ut,27-12-2024,25.2,32.4,29.2,81.0,0.0,4.6,5.0,260.0,3.0,W,6.0
2782,jak-ut,28-01-2021,24.2,28.4,25.3,89.0,2,0.2,8.0,260.0,5.0,NW,1.0
2783,jak-ut,28-01-2022,26.6,32,28.9,78.0,0.0,8.4,4.0,300.0,2.0,W ,9.0
2784,jak-ut,28-01-2023,24.6,28.2,25.8,92.0,30.5,-,7.0,310.0,2.0,W ,4.0
2785,jak-ut,28-01-2024,24.4,30.6,27.2,90.0,39.3,0,6.0,280.0,1.0,C ,4.0
2786,jak-ut,28-02-2021,26.0,32.3,29.3,74.0,0,4.8,5.0,210.0,2.0,W ,1.0
2787,jak-ut,28-02-2022,26.4,30.8,27.9,81.0,2.1,6.5,7.0,290.0,4.0,W ,7.0
2788,jak-ut,28-02-2023,24.6,30.2,26.9,88.0,15.0,1.1,8.0,300.0,3.0,W ,4.0
2789,jak-ut,28-02-2024,24.4,30.8,27.7,88.0,37,5.6,4.0,290.0,1.0,C ,21.0
2790,jak-ut,28-03-2021,26.7,32.0,29.1,84.0,3.6,4.4,5.0,30.0,2.0,C ,2.0
2791,jak-ut,28-03-2022,25.2,31.7,28.1,83.0,23.8,8.8,3.0,170.0,2.0,W ,20.0
2792,jak-ut,28-03-2023,26.4,29.4,27.7,89.0,-,4.7,4.0,90.0,1.0,C ,8.0
2793,jak-ut,28-03-2024,27,33.6,29.7,79.0,8888,0.5,4.0,360.0,1.0,C ,41.0
2794,jak-ut,28-04-2021,27.4,32.1,29.2,84.0,1,9.9,4.0,20.0,2.0,S ,7.0
2795,jak-ut,28-04-2022,24.6,31.4,27.9,82.0,12.1,5.6,6.0,270.0,3.0,W ,17.0
2796,jak-ut,28-04-2023,27.0,-,29.3,83,11.7,8.3,5,10,1,C ,17.0
2797,jak-ut,28-04-2024,27,32.8,30.2,82.0,3,5.9,4.0,70.0,2.0,E ,32.0
2798,jak-ut,28-05-2021,27.7,33.4,30.0,74.0,0,9.8,5.0,60.0,2.0,NE,9.0
2799,jak-ut,28-05-2022,23.3,30.0,26.0,85.0,12.1,8.5,9.0,350.0,2.0,C ,14.0
2800,jak-ut,28-05-2023,25.8,32.8,28.8,80.0,16.6,6.9,4.0,40.0,1.0,C ,6.0
2801,jak-ut,28-05-2024,28.2,34.1,30.8,78.0,0,8.2,5.0,30.0,3.0,E ,41.0
2802,jak-ut,28-06-2021,26.5,31.4,28.5,80.0,4,9.2,6.0,70.0,2.0,SE,2.0
2803,jak-ut,28-06-2022,26.3,32.2,28.8,76.0,3.8,4.7,4.0,60.0,2.0,SW,28.0
2804,jak-ut,28-06-2023,26.4,32.6,28.8,74.0,0,7.9,5.0,60.0,2.0,C ,5.0
2805,jak-ut,28-06-2024,27.8,32.8,30,80.0,0,8.8,5.0,120.0,2.0,NE,18.0
2806,jak-ut,28-07-2021,25.4,34.4,28.9,61.0,0,10.4,8.0,80.0,2.0,C ,1.0
2807,jak-ut,28-07-2022,26.8,33.2,29.2,73,0,6.6,5.0,180.0,3.0,E ,15.0
2808,jak-ut,28-07-2023,26.4,33.8,29.0,71.0,-,2.7,6.0,30.0,3.0,E ,5.0
2809,jak-ut,28-07-2024,26.6,32.6,29.2,77,0,8,4.0,40.0,2.0,SE,7.0
2810,jak-ut,28-08-2021,26.8,34.4,30.0,63.0,0,7.2,7.0,60.0,2.0,C ,4.0
2811,jak-ut,28-08-2022,26.7,31.0,28.5,84.0,0,2.8,5.0,310.0,2.0,C ,9.0
2812,jak-ut,28-08-2023,27.0,32.3,28.9,74.0,0,5.5,5.0,20.0,2.0,NE,14.0
2813,jak-ut,28-08-2024,27.0,32.6,29.5,68.0,0.0,7.2,4.0,40.0,2.0,C,12.0
2814,jak-ut,28-09-2021,26.3,32.3,29.1,77.0,3.5,10.8,5.0,40.0,2.0,NE,5.0
2815,jak-ut,28-09-2022,27,32.8,29.4,73.0,0,9.2,4.0,110.0,2.0,C ,10.0
2816,jak-ut,28-09-2023,27.0,35.2,30.3,61.0,0,8.5,11.0,80.0,4.0,E ,1.0
2817,jak-ut,28-09-2024,26.0,34.4,30.7,76.0,0.0,8.0,6.0,100.0,2.0,C,9.0
2818,jak-ut,28-10-2021,25.4,31.2,27.6,82,33.4,5.2,8.0,320.0,2.0,NW,9.0
2819,jak-ut,28-10-2022,25.8,34.4,29.1,71.0,-,5.3,8.0,260.0,2.0,W ,3.0
2820,jak-ut,28-10-2023,27.6,33.8,30.3,78.0,0,8.8,6.0,10.0,3.0,NE,7.0
2821,jak-ut,28-10-2024,27.2,33.0,30.1,71.0,0.0,8.0,4.0,170.0,1.0,C,2.0
2822,jak-ut,28-11-2021,24.3,33.3,28.4,72.0,5.8,3.5,9.0,260.0,5.0,W ,3.0
2823,jak-ut,28-11-2022,25.6,31.8,27.9,84.0,0,8.1,4.0,50.0,1.0,C ,11.0
2824,jak-ut,28-11-2023,27,32.5,29.5,82.0,-,0,5.0,30.0,2.0,NE,0.0
2825,jak-ut,28-11-2024,26.0,34.2,30.1,71.0,6.0,3.8,6.0,260.0,3.0,W,9.0
2826,jak-ut,28-12-2021,25.8,31.8,28.2,81.0,0.2,8.4,6.0,280.0,2.0,W ,7.0
2827,jak-ut,28-12-2022,24.2,29.0,26.3,88.0,0.1,0.5,6.0,270.0,3.0,W ,7.0
2828,jak-ut,28-12-2023,27.3,33.0,30.4,78.0,0,4.5,5.0,80.0,2.0,C ,2.0
2829,jak-ut,28-12-2024,27.4,32.7,29.6,79.0,0.0,7.3,6.0,300.0,2.0,NW,6.0
2830,jak-ut,29-01-2021,24,30.1,27.4,84.0,33.8,1.2,9.0,310.0,4.0,W ,0.0
2831,jak-ut,29-01-2022,26.3,31,28.2,80.0,0.0,7.1,5.0,250.0,1.0,C ,9.0
2832,jak-ut,29-01-2023,24.8,29.3,27.3,86.0,12.1,0,6.0,310.0,3.0,NW,5.0
2833,jak-ut,29-01-2024,25.2,31.5,27.5,89.0,32.4,1.8,5.0,330.0,1.0,C ,8.0
2834,jak-ut,29-02-2024,24.6,27.6,26.3,91.0,142.1,2.3,3.0,40.0,1.0,C ,17.0
2835,jak-ut,29-03-2021,-,32.0,29.0,86.0,0.8,10.1,4.0,320.0,2.0,W ,5.0
2836,jak-ut,29-03-2022,25.6,32.2,29.3,75.0,0,6.6,4.0,270.0,1.0,C ,22.0
2837,jak-ut,29-03-2023,26.2,31.2,27.7,84.0,-,0,4.0,330.0,1.0,C ,17.0
2838,jak-ut,29-03-2024,27,33,30,79.0,-,6.7,5.0,50.0,2.0,NE,23.0
2839,jak-ut,29-04-2021,26.5,33.0,29.3,82.0,0,1.6,5.0,20.0,3.0,NE,7.0
2840,jak-ut,29-04-2022,-,33.4,29,81.0,8888,2.6,5.0,280.0,2.0,C ,14.0
2841,jak-ut,29-04-2023,27.2,32,29.3,80,-,8.6,4,360,1,C ,19.0
2842,jak-ut,29-04-2024,27.2,34.4,31.3,78.0,0,2.2,5.0,30.0,3.0,NE,61.0
2843,jak-ut,29-05-2021,27.2,31.3,27.2,86.0,0.1,10.0,4.0,220.0,2.0,W ,3.0
2845,jak-ut,29-05-2022,23.2,32.4,27.0,86.0,18.8,0.7,5.0,350.0,1.0,C ,14.0
2846,jak-ut,29-05-2023,26.2,32.0,29.9,78.0,0,5.5,4.0,20.0,2.0,C ,11.0
2847,jak-ut,29-05-2024,28.3,34.4,31.1,77.0,0,8.3,5.0,40.0,2.0,NE,24.0
2848,jak-ut,29-06-2021,26.5,33.0,28.9,74.0,0,1,4.0,50.0,2.0,C ,1.0
2849,jak-ut,29-06-2022,26.4,32.0,28.4,75.0,-,7.9,6.0,300.0,2.0,C ,20.0
2850,jak-ut,29-06-2023,25.4,32.4,28.9,79.0,36.7,8.9,3.0,340.0,1.0,C ,2.0
2851,jak-ut,29-06-2024,-,-,-,87.0,0,8.0,3.0,150.0,1.0,C ,14.0
2852,jak-ut,29-07-2021,25.6,32.4,29.1,65.0,0,10.0,4.0,310.0,2.0,C ,0.0
2853,jak-ut,29-07-2022,27.0,33.0,29.4,77,0,-,5.0,170.0,3.0,SE,6.0
2854,jak-ut,29-07-2023,26.4,32.7,28.6,72.0,0,8.8,8.0,30.0,3.0,NE,3.0
2855,jak-ut,29-07-2024,26.4,33.4,29.1,72,0,6.4,6.0,70.0,2.0,E,10.0
2856,jak-ut,29-08-2021,27,31.4,28.7,72.0,0,9.1,4.0,350.0,2.0,SW,1.0
2857,jak-ut,29-08-2022,26.2,32.0,28.4,81.0,-,3.9,3.0,260.0,1.0,C ,13.0
2858,jak-ut,29-08-2023,26.6,32.7,28.9,74.0,0,5.9,5.0,60.0,3.0,NE,7.0
2859,jak-ut,29-08-2024,27.3,34.0,30.4,71.0,0.0,7.3,5.0,30.0,1.0,C,9.0
2860,jak-ut,29-09-2021,27.1,32.8,29.7,74.0,0,7.9,4.0,80.0,2.0,C ,4.0
2861,jak-ut,29-09-2022,27.6,32.6,29.5,74.0,0,6.7,5.0,50.0,2.0,NE,2.0
2862,jak-ut,29-09-2023,27.4,36.8,30.8,70.0,-,7.8,7.0,100.0,2.0,C ,5.0
2863,jak-ut,29-09-2024,27.8,35.2,30.4,74.0,0.0,6.9,6.0,80.0,2.0,NE,3.0
2864,jak-ut,29-10-2021,25.3,32.7,28.9,75,6.2,0,2.0,220.0,0.0,C ,4.0
2865,jak-ut,29-10-2022,26.2,32.5,29.5,72.0,0,8.1,4.0,230.0,1.0,C ,6.0
2866,jak-ut,29-10-2023,27,33.6,29.7,77.0,0,9.4,4.0,80.0,1.0,C ,7.0
2867,jak-ut,29-10-2024,28.2,34.0,30.7,72.0,0.0,5.2,4.0,60.0,1.0,C,8.0
2868,jak-ut,29-11-2021,25.5,33.0,28.4,74.0,1.1,2.1,7.0,260.0,3.0,W ,9.0
2869,jak-ut,29-11-2022,24.2,32.0,28.6,82.0,9,4.8,6.0,30.0,2.0,C ,5.0
2870,jak-ut,29-11-2023,27.4,34.2,29.3,84.0,0.2,2.5,7.0,50.0,2.0,NE,1.0
2871,jak-ut,29-11-2024,26.6,35.4,30.0,69.0,1.3,2.5,7.0,270.0,4.0,W,4.0
2872,jak-ut,29-12-2021,25,31.2,28.7,79.0,16.1,6.2,5.0,320.0,2.0,NW,5.0
2873,jak-ut,29-12-2022,23.3,29.8,26.4,88.0,23.5,0.8,6.0,270.0,2.0,C ,12.0
2874,jak-ut,29-12-2023,27.5,33.2,29.8,79.0,0,8.4,4.0,100.0,1.0,C ,2.0
2875,jak-ut,29-12-2024,27.9,31.6,29.3,81.0,0.0,5.9,5.0,260.0,3.0,W,8.0
2876,jak-ut,30-01-2021,24.3,29.4,26.8,87.0,12,2.9,7.0,330.0,3.0,NW,0.0
2877,jak-ut,30-01-2022,26.5,32,28.6,80.0,0.0,1.6,6.0,270.0,2.0,C ,7.0
2878,jak-ut,30-01-2023,26.2,30.8,28.2,80.0,8888,0.8,5.0,310.0,2.0,NW,9.0
2879,jak-ut,30-01-2024,24.6,29.0,27.1,91.0,22.3,0,7.0,310.0,2.0,NW,6.0
2880,jak-ut,30-03-2021,27.5,29.6,27.9,91.0,0.5,2.1,4.0,60.0,2.0,W ,0.0
2881,jak-ut,30-03-2022,27.2,32.2,29,76.0,-,-,4.0,10.0,1.0,C ,13.0
2882,jak-ut,30-03-2023,26,31.8,27.4,88.0,0.5,5.2,5.0,310.0,2.0,NW,7.0
2883,jak-ut,30-03-2024,27.6,32.6,29.9,81.0,0,6.5,7.0,40.0,2.0,C ,42.0
2884,jak-ut,30-04-2021,26.8,32.2,28.7,85.0,0,8.4,5.0,90.0,3.0,NE,3.0
2885,jak-ut,30-04-2022,26.8,31.6,28.4,85.0,-,4.3,4.0,30.0,2.0,C ,10.0
2886,jak-ut,30-04-2023,27.0,-,-,-,0,4.8,-,-,-,C ,10.0
2887,jak-ut,30-04-2024,28.8,34.2,31.1,79.0,0,7.9,6.0,40.0,2.0,NE,55.0
2888,jak-ut,30-05-2021,24.7,33.0,28.6,80.0,13,0.0,5.0,180.0,2.0,C ,6.0
2889,jak-ut,30-05-2022,-,31.6,27.5,84.0,8888,7.8,4.0,320.0,1.0,C ,15.0
2890,jak-ut,30-05-2023,27.2,32.6,29.8,77.0,0,5.2,6.0,150.0,2.0,C ,5.0
2891,jak-ut,30-05-2024,28.8,33.8,30.8,78.0,0,8.6,6.0,30.0,2.0,NE,29.0
2892,jak-ut,30-06-2021,26.5,30.6,27.8,81.0,0,7.2,4.0,320.0,2.0,NW,3.0
2893,jak-ut,30-06-2022,26,31.6,28.2,75.0,-,-,4.0,50.0,2.0,N ,24.0
2894,jak-ut,30-06-2023,26.6,32.7,29.2,76.0,-,8.2,7.0,50.0,2.0,C ,6.0
2895,jak-ut,30-06-2024,25.5,31.8,29.5,79.0,8,0.8,4.0,40.0,1.0,C ,16.0
2896,jak-ut,30-07-2021,26.8,32.6,29.2,70.0,0,9.1,5.0,30.0,2.0,N ,2.0
2897,jak-ut,30-07-2022,27.0,31.6,28.8,79,-,7.8,5.0,60.0,2.0,NE,9.0
2898,jak-ut,30-07-2023,26.2,33.2,28.7,72.0,0,8.6,6.0,40.0,3.0,NE,4.0
2899,jak-ut,30-07-2024,26.4,33.4,29.3,74,0,8,4.0,50.0,1.0,C,15.0
2900,jak-ut,30-08-2021,27.2,32.4,29.0,76.0,0,0.5,3.0,200.0,1.0,C ,5.0
2901,jak-ut,30-08-2022,26.2,32.8,29.3,72.0,-,7.7,4.0,140.0,1.0,C ,8.0
2902,jak-ut,30-08-2023,26.5,32.2,28.6,76.0,0,8.8,7.0,40.0,3.0,C ,3.0
2903,jak-ut,30-08-2024,26.8,33.0,29.3,74.0,0.0,7.7,5.0,40.0,2.0,C,10.0
2904,jak-ut,30-09-2021,27.6,33.4,29.8,73.0,0,10.4,6.0,30.0,2.0,C ,2.0
2905,jak-ut,30-09-2022,27.2,32.6,29.0,75.0,0,5.0,8.0,120.0,3.0,SE,6.0
2906,jak-ut,30-09-2023,23.2,32.8,29.5,72.0,0,9.6,6.0,30.0,2.0,C ,5.0
2907,jak-ut,30-09-2024,27.8,33.2,30.1,74.0,0.0,7.4,6.0,100.0,2.0,C,5.0
2908,jak-ut,30-10-2021,26.1,32.2,29.6,76,0.0,9.8,4.0,290.0,2.0,C ,3.0
2909,jak-ut,30-10-2022,26.8,32.8,29.4,74.0,0,9.4,4.0,180.0,2.0,S ,7.0
2910,jak-ut,30-10-2023,27,33.9,31.0,75.0,-,9.5,6.0,50.0,2.0,C ,5.0
2911,jak-ut,30-10-2024,28.0,34.8,30.7,72.0,0.0,7.3,4.0,50.0,2.0,C,3.0
2912,jak-ut,30-11-2021,26.6,31.4,29.0,74.0,0.0,3.3,5.0,300.0,2.0,NW,3.0
2913,jak-ut,30-11-2022,-,31.2,28.5,80.0,-,8.3,4.0,50.0,2.0,C ,2.0
2914,jak-ut,30-11-2023,25.6,32.6,28.4,87.0,18.3,8.4,4.0,340.0,1.0,C ,3.0
2915,jak-ut,30-11-2024,27.4,34.8,31.0,66.0,8888.0,4.3,6.0,260.0,3.0,W,3.0
2916,jak-ut,30-12-2021,25.4,31.1,28.4,80.0,0.0,4.2,3.0,270.0,2.0,W ,5.0
2917,jak-ut,30-12-2022,24.2,28.4,26.2,89.0,4.5,2.4,8.0,320.0,3.0,W ,8.0
2918,jak-ut,30-12-2023,27.4,32.4,29.7,79.0,8888,4.6,4.0,330.0,1.0,C ,4.0
2919,jak-ut,30-12-2024,25.7,32.4,28.2,79.0,0.6,3.7,7.0,260.0,4.0,W,7.0
2920,jak-ut,31-01-2021,24.3,-,27.0,86.0,26.5,0.9,6.0,310.0,2.0,C ,1.0
2921,jak-ut,31-01-2022,26.6,31.6,28.4,78.0,0.0,-,5.0,300.0,2.0,NW,6.0
2922,jak-ut,31-01-2023,26.7,29.8,28.1,81.0,0,4.4,6.0,290.0,3.0,NW,7.0
2923,jak-ut,31-01-2024,24.2,31.4,28.0,84.0,144,0.7,5.0,300.0,1.0,C ,3.0
2924,jak-ut,31-03-2021,26.4,33.2,28.8,86.0,1.2,0,6.0,310.0,4.0,W ,3.0
2925,jak-ut,31-03-2022,26.2,33.2,29.3,78.0,-,2.3,7.0,270.0,2.0,SE,7.0
2926,jak-ut,31-03-2023,26.2,32.2,28.5,82.0,14.4,5.9,7.0,270.0,4.0,W ,11.0
2927,jak-ut,31-03-2024,28,33.6,29.9,82.0,0,5.4,5.0,300.0,1.0,C ,36.0
2928,jak-ut,31-05-2021,25.6,32.8,29.5,80.0,-,9.5,4.0,360.0,2.0,C ,6.0
2929,jak-ut,31-05-2022,25.6,32.4,27.7,84.0,0,3.8,6.0,270.0,2.0,N ,27.0
2930,jak-ut,31-05-2023,27.4,33.0,30.0,73.0,8888,4.2,4.0,10.0,2.0,C ,11.0
2931,jak-ut,31-05-2024,28.6,33.8,31.0,76.0,-,8.1,4.0,20.0,2.0,C ,37.0
2932,jak-ut,31-07-2021,27.2,31.5,29.2,76.0,-,8.9,3.0,360.0,2.0,N ,1.0
2933,jak-ut,31-07-2022,26.8,32.4,29.1,78,0,9.4,7.0,50.0,3.0,SE,10.0
2934,jak-ut,31-07-2023,25.0,33.2,28.4,77.0,-,7.8,6.0,60.0,3.0,E ,5.0
2935,jak-ut,31-07-2024,26.8,33.2,29.4,77,0,8,5.0,40.0,2.0,C,10.0
2936,jak-ut,31-08-2021,27,32.3,29.8,72.0,0,1.4,5.0,60.0,2.0,C ,2.0
2937,jak-ut,31-08-2022,27,32.0,29.1,74.0,0,7.3,5.0,50.0,2.0,NE,14.0
2938,jak-ut,31-08-2023,25.8,32.4,28.5,77.0,0,9.0,5.0,10.0,1.0,C ,5.0
2939,jak-ut,31-08-2024,26.8,33.0,28.9,74.0,0.0,4.8,4.0,50.0,1.0,C,15.0
2940,jak-ut,31-10-2021,26.6,33.1,29.2,75,5.1,9.6,4.0,310.0,1.0,C ,1.0
2941,jak-ut,31-10-2022,27.2,31.8,29.2,79.0,0,7.7,6.0,10.0,2.0,NE,7.0
2942,jak-ut,31-10-2023,28.3,34.0,30.6,78.0,0,9.4,5.0,170.0,2.0,C ,4.0
2943,jak-ut,31-10-2024,28.2,34.2,30.6,75.0,0.0,6.8,5.0,20.0,1.0,C,3.0
2944,jak-ut,31-12-2021,26.5,32.2,29,77.0,0.0,0.4,5.0,280.0,3.0,W ,5.0
2945,jak-ut,31-12-2022,24.6,29.0,26.8,84.0,35.2,0.0,9.0,320.0,3.0,W ,4.0
2946,jak-ut,31-12-2023,27.8,32.8,29.1,80.0,0.2,3.1,4.0,280.0,2.0,C ,1.0
2947,jak-ut,31-12-2024,25.2,31.6,28.3,82.0,2.0,3.5,5.0,250.0,3.0,W,7.0
